task_idx,epoch,train_loss,train_acc,train_eval_loss,train_eval_acc,nc1,nc2,nc3,nc4
0,1,1.3983097153902053,0.4485,2.5446215426921843,0.4,0.0,0.0,0.0,0.0
0,2,1.2661792740225792,0.5485,2.487808790206909,0.327,0.0,0.0,0.0,0.0
0,3,0.9358395114541054,0.658,1.321928146481514,0.6065,0.0,0.0,0.0,0.0
0,4,0.9636920702457428,0.6615,1.0199408155679703,0.661,0.0,0.0,0.0,0.0
0,5,0.942378297150135,0.6615,1.5424765640497207,0.5465,2.9046719074249268,0.6580830216407776,0.3157917261123657,0.5
0,6,0.666168799251318,0.749,0.9065562035143375,0.6825,0.0,0.0,0.0,0.0
0,7,0.5763271707296371,0.783,1.7324467051029204,0.525,0.0,0.0,0.0,0.0
0,8,0.43645288959145545,0.8405,1.4862231531739234,0.6195,0.0,0.0,0.0,0.0
0,9,0.33611810438334944,0.88,0.34471984647214415,0.8565,0.0,0.0,0.0,0.0
0,10,0.224930288977921,0.9245,1.1889947018027305,0.6625,0.5770750045776367,0.43902772665023804,0.21839876472949982,0.5985
0,11,0.11433579934760928,0.9675,0.09390929643064737,0.98,0.0,0.0,0.0,0.0
0,12,0.059755928916856646,0.9845,0.16909431386739016,0.9375,0.0,0.0,0.0,0.0
0,13,0.04155151496641338,0.99,0.32629730097949505,0.8915,0.0,0.0,0.0,0.0
0,14,0.029741106699220837,0.993,0.012517207213677465,0.999,0.0,0.0,0.0,0.0
0,15,0.11149337293347344,0.9685,1.5606775003671647,0.757,0.5981717109680176,0.5621141195297241,0.26750460267066956,0.7555
0,16,0.13418577471747994,0.949,0.7163236118853092,0.838,0.0,0.0,0.0,0.0
0,17,0.10945610012859106,0.9605,0.8635162958502769,0.7775,0.0,0.0,0.0,0.0
0,18,0.09685134533792734,0.966,1.0620550826191901,0.7495,0.0,0.0,0.0,0.0
0,19,0.06554053825326264,0.98,0.13770628452301026,0.957,0.0,0.0,0.0,0.0
0,20,0.05061314486898482,0.9845,0.1405917375534773,0.947,0.35554322600364685,0.18999509513378143,0.13060429692268372,0.922
0,21,0.020000931909307837,0.9965,0.011759795441757887,0.999,0.0,0.0,0.0,0.0
0,22,0.010240385598735883,0.9985,0.09721181262284517,0.9655,0.0,0.0,0.0,0.0
0,23,0.007221957534784451,0.9995,0.00799128295155242,1.0,0.0,0.0,0.0,0.0
0,24,0.0020071909780381247,1.0,0.0007832884015806485,1.0,0.0,0.0,0.0,0.0
0,25,0.0008626251682289876,1.0,0.0004636193296755664,1.0,0.25828438997268677,0.19442014396190643,0.11256807297468185,0.9925
1,1,1.6385310071706771,0.33,11.63981903553009,0.211,0.0,0.0,0.0,0.0
1,2,1.3883820289373399,0.4325,1.6244623231887818,0.389,0.0,0.0,0.0,0.0
1,3,1.2766917288303374,0.4925,1.1251229083538055,0.5415,0.0,0.0,0.0,0.0
1,4,1.2360845249891281,0.5065,1.212300556898117,0.5435,0.0,0.0,0.0,0.0
1,5,1.078788557946682,0.5765,1.2673405346274376,0.576,2.7902352809906006,0.490640252828598,0.3022308051586151,0.621
1,6,0.9071568617224693,0.664,1.1686371862888336,0.566,0.0,0.0,0.0,0.0
1,7,0.8812687569856643,0.6745,1.8450194972753524,0.5185,0.0,0.0,0.0,0.0
1,8,0.8233196908235549,0.688,1.0736302343010902,0.6865,0.0,0.0,0.0,0.0
1,9,0.6100771689414978,0.7755,0.5602712161839009,0.7835,0.0,0.0,0.0,0.0
1,10,0.46088601037859916,0.831,0.3753993220627308,0.857,0.897270143032074,0.4451451897621155,0.25412073731422424,0.7845
1,11,0.35633490279316904,0.881,1.499859206676483,0.608,0.0,0.0,0.0,0.0
1,12,0.2726147874444723,0.9065,0.4914799728989601,0.836,0.0,0.0,0.0,0.0
1,13,0.25540044169873,0.9155,0.4730555109679699,0.846,0.0,0.0,0.0,0.0
1,14,0.17576876141130923,0.944,0.44826213680207727,0.882,0.0,0.0,0.0,0.0
1,15,0.15804941955953836,0.948,0.2852060893177986,0.891,0.6618385314941406,0.3348850607872009,0.17475080490112305,0.799
1,16,0.1267132180556655,0.958,0.1421426298469305,0.954,0.0,0.0,0.0,0.0
1,17,0.07432716483250261,0.9765,0.1260801511257887,0.955,0.0,0.0,0.0,0.0
1,18,0.033336488017812374,0.989,0.03501140269916505,0.989,0.0,0.0,0.0,0.0
1,19,0.020830745173152535,0.9965,0.015281951932702214,0.9965,0.0,0.0,0.0,0.0
1,20,0.0076404663454741235,0.9985,0.039004667599219826,0.985,0.37119531631469727,0.17206989228725433,0.11827323585748672,0.943
1,21,0.007541511940653436,0.9985,0.005631779021350667,0.999,0.0,0.0,0.0,0.0
1,22,0.013787239923258312,0.9965,0.016792850256315432,0.9955,0.0,0.0,0.0,0.0
1,23,0.015406337043968961,0.9975,0.02736233620904386,0.993,0.0,0.0,0.0,0.0
1,24,0.04348083360819146,0.984,0.44551508128643036,0.8925,0.0,0.0,0.0,0.0
1,25,0.04410133666358888,0.984,0.09816185876727104,0.965,0.46935901045799255,0.26015976071357727,0.12539561092853546,0.8985
1,26,0.0147358358616475,0.9975,0.01663063128653448,0.999,0.0,0.0,0.0,0.0
1,27,0.004935102100425866,0.999,0.0027242325019324197,1.0,0.0,0.0,0.0,0.0
1,28,0.002501914446183946,1.0,0.0009789456051657907,1.0,0.0,0.0,0.0,0.0
1,29,0.0014527871813334058,1.0,0.0004840128984506009,1.0,0.0,0.0,0.0,0.0
1,30,0.0008381298530730419,1.0,0.000487013831952936,1.0,0.2899254858493805,0.17542819678783417,0.10062221437692642,0.984
1,31,0.0009498989448184147,1.0,0.0004307765310659306,1.0,0.0,0.0,0.0,0.0
1,32,0.003958363805431873,0.9985,0.005914547645661514,0.997,0.0,0.0,0.0,0.0
1,33,0.0031390891561750324,0.9985,0.0010546770173823462,1.0,0.0,0.0,0.0,0.0
1,34,0.0013980423645989504,1.0,0.00048071039040223693,1.0,0.0,0.0,0.0,0.0
1,35,0.0007940363422676456,1.0,0.0003524102665687678,1.0,0.3120410144329071,0.17858648300170898,0.09913623332977295,0.979
1,36,0.0015545702894451097,0.9995,0.0006361694607767277,1.0,0.0,0.0,0.0,0.0
1,37,0.0006665670096117537,1.0,0.00029757315140159333,1.0,0.0,0.0,0.0,0.0
1,38,0.0004952161000983324,1.0,0.00022648830272373744,1.0,0.0,0.0,0.0,0.0
1,39,0.00045298697106773035,1.0,0.0001999158006583457,1.0,0.0,0.0,0.0,0.0
1,40,0.0003168098856258439,1.0,0.0001671117822843371,1.0,0.2852018475532532,0.15774060785770416,0.0944284200668335,0.9855
1,41,0.0002914277212767047,1.0,0.00015279268969607075,1.0,0.0,0.0,0.0,0.0
1,42,0.0002471182019871776,1.0,0.00014617891978559782,1.0,0.0,0.0,0.0,0.0
1,43,0.00026599709304719,1.0,0.00013783879061520565,1.0,0.0,0.0,0.0,0.0
1,44,0.000246572652249597,1.0,0.0001333673961198656,1.0,0.0,0.0,0.0,0.0
1,45,0.0002259353055342217,1.0,0.00011825172627141001,1.0,0.27165988087654114,0.15613320469856262,0.0919741541147232,0.9885
1,46,0.00021120966906892135,1.0,0.0001099450304536731,1.0,0.0,0.0,0.0,0.0
1,47,0.0001934633811833919,1.0,0.0001123179279420583,1.0,0.0,0.0,0.0,0.0
1,48,0.0002098804895649664,1.0,9.951110241672723e-05,1.0,0.0,0.0,0.0,0.0
1,49,0.00019931270289816894,1.0,9.148502420430304e-05,1.0,0.0,0.0,0.0,0.0
1,50,0.0001639109061216004,1.0,9.600044757462455e-05,1.0,0.26390156149864197,0.1551215648651123,0.09084304422140121,0.992
2,1,1.3434568572044372,0.4595,9.035734162330627,0.353,0.0,0.0,0.0,0.0
2,2,1.0986025273799895,0.59,7.103602340221405,0.3115,0.0,0.0,0.0,0.0
2,3,0.9381765216588974,0.671,0.8056288152933121,0.717,0.0,0.0,0.0,0.0
2,4,0.7482569475471973,0.7205,1.3825143778324127,0.6565,0.0,0.0,0.0,0.0
2,5,0.675509085804224,0.758,0.8399323919415473,0.696,1.1443288326263428,0.5326048135757446,0.35669955611228943,0.7115
2,6,0.691578676700592,0.7565,0.9758437514305115,0.6715,0.0,0.0,0.0,0.0
2,7,0.7674111217260361,0.7455,1.005496520102024,0.673,0.0,0.0,0.0,0.0
2,8,0.5079797352850437,0.8185,1.8304682755470276,0.6675,0.0,0.0,0.0,0.0
2,9,0.395256989300251,0.8525,0.5109813639521599,0.813,0.0,0.0,0.0,0.0
2,10,0.2302362620458007,0.925,0.19015746332705022,0.951,0.548324704170227,0.3826082944869995,0.23517532646656036,0.894
2,11,0.1592176777869463,0.9435,0.20528170697391032,0.925,0.0,0.0,0.0,0.0
2,12,0.13090256961062552,0.9525,0.7849340546131134,0.767,0.0,0.0,0.0,0.0
2,13,0.10830784525722265,0.961,0.829875018298626,0.786,0.0,0.0,0.0,0.0
2,14,0.0842448560334742,0.9695,2.0325113993883135,0.6785,0.0,0.0,0.0,0.0
2,15,0.04571750802453607,0.9875,0.13856225449591875,0.95,0.376557320356369,0.2755078077316284,0.16007815301418304,0.929
2,16,0.03124510164372623,0.992,0.09633859410881997,0.9635,0.0,0.0,0.0,0.0
2,17,0.01621193957980722,0.9955,0.032514624160248785,0.993,0.0,0.0,0.0,0.0
2,18,0.008485607514739969,0.9985,0.020149074253859,0.994,0.0,0.0,0.0,0.0
2,19,0.012644575056619943,0.9975,0.016747290182393043,0.9965,0.0,0.0,0.0,0.0
2,20,0.004893561620847322,0.9995,0.002311444014776498,1.0,0.251741886138916,0.20604293048381805,0.11296264082193375,0.996
3,1,1.483518384695053,0.4205,3.7666858303546906,0.3015,0.0,0.0,0.0,0.0
3,2,1.281500056385994,0.478,1.4543022352457047,0.4495,0.0,0.0,0.0,0.0
3,3,1.1456504133343697,0.528,1.1250413000583648,0.5425,0.0,0.0,0.0,0.0
3,4,1.0287844035029412,0.5745,1.3233166593313217,0.4965,0.0,0.0,0.0,0.0
3,5,1.0072256779670716,0.6025,1.02395451515913,0.5835,5.5974249839782715,1.1937987804412842,0.6695609092712402,0.585
3,6,0.9534150922298431,0.625,1.2752408689260484,0.5315,0.0,0.0,0.0,0.0
3,7,0.9282751512527466,0.6215,0.9781704187393189,0.6115,0.0,0.0,0.0,0.0
3,8,0.8904089203476906,0.643,0.97600296407938,0.602,0.0,0.0,0.0,0.0
3,9,0.8344540509581566,0.676,1.2006254249811172,0.5485,0.0,0.0,0.0,0.0
3,10,0.775369790494442,0.7085,0.9228496819734573,0.6305,4.193212032318115,0.9101720452308655,0.4595737159252167,0.6485
3,11,0.7009455659985542,0.7205,0.6152613820135593,0.7785,0.0,0.0,0.0,0.0
3,12,0.640835420191288,0.7545,0.6697861060500145,0.7315,0.0,0.0,0.0,0.0
3,13,0.6645795822143554,0.737,1.0159172934293748,0.6575,0.0,0.0,0.0,0.0
3,14,0.5741296565532684,0.776,0.8131189933419227,0.68,0.0,0.0,0.0,0.0
3,15,0.4105475221574306,0.847,0.5468007259070873,0.762,2.8152425289154053,0.596612811088562,0.3086979389190674,0.6985
3,16,0.2931326708942652,0.8975,0.8121937131881714,0.655,0.0,0.0,0.0,0.0
3,17,0.337715605199337,0.8775,0.49577880628407,0.8435,0.0,0.0,0.0,0.0
3,18,0.3507869362831116,0.8645,0.7612989856302739,0.755,0.0,0.0,0.0,0.0
3,19,0.22412871338427068,0.926,0.42248475715517997,0.8355,0.0,0.0,0.0,0.0
3,20,0.25969085201621056,0.9125,0.36360061265528204,0.8925,0.8799768686294556,0.8398001194000244,0.40343815088272095,0.771
3,21,0.20919857311993836,0.93,0.6221076729893684,0.8135,0.0,0.0,0.0,0.0
3,22,0.2571564093977213,0.9085,0.8337875406444073,0.7805,0.0,0.0,0.0,0.0
3,23,0.18728453213348983,0.9395,0.0986308681126684,0.9745,0.0,0.0,0.0,0.0
3,24,0.07543448735494167,0.978,0.039268298000097276,0.9925,0.0,0.0,0.0,0.0
3,25,0.14801456335932017,0.951,0.11713334495201706,0.9605,0.6197685599327087,0.5957317352294922,0.2711620032787323,0.88
3,26,0.10881409030407667,0.9625,0.08971963319927453,0.971,0.0,0.0,0.0,0.0
3,27,0.05294269237667322,0.9835,0.0967901640792843,0.963,0.0,0.0,0.0,0.0
3,28,0.02787711107172072,0.991,0.02303374031558633,0.9945,0.0,0.0,0.0,0.0
3,29,0.12360325281275436,0.96,0.5073063623905182,0.863,0.0,0.0,0.0,0.0
3,30,0.1511065561324358,0.9535,0.133399681057781,0.956,0.607124924659729,0.4158848524093628,0.21634946763515472,0.879
3,31,0.08454285060986877,0.973,0.053749377597123386,0.984,0.0,0.0,0.0,0.0
3,32,0.04920507643371821,0.9835,0.045323907081037756,0.9865,0.0,0.0,0.0,0.0
3,33,0.01623732174281031,0.9955,0.007103258388815448,0.9995,0.0,0.0,0.0,0.0
3,34,0.0307358116179239,0.9915,0.01571867182967253,0.9955,0.0,0.0,0.0,0.0
3,35,0.01687075469060801,0.996,0.02542330475989729,0.9925,0.36701998114585876,0.33871325850486755,0.18089288473129272,0.9505
3,36,0.007681312629720196,0.998,0.0029787722724722698,1.0,0.0,0.0,0.0,0.0
3,37,0.005337975700385868,1.0,0.0016702706925570965,1.0,0.0,0.0,0.0,0.0
3,38,0.0015713540819706395,1.0,0.0006608927140769083,1.0,0.0,0.0,0.0,0.0
3,39,0.0012817123947024812,1.0,0.00046922025314415804,1.0,0.0,0.0,0.0,0.0
3,40,0.0007477432173618582,1.0,0.0003000443061682745,1.0,0.2579314708709717,0.22212794423103333,0.13902734220027924,0.9935
4,1,1.628963504433632,0.342,11.299521412849426,0.203,0.0,0.0,0.0,0.0
4,2,1.3853339457511902,0.479,2.820110272169113,0.2945,0.0,0.0,0.0,0.0
4,3,1.2403915891051291,0.537,1.3737467926740647,0.5075,0.0,0.0,0.0,0.0
4,4,1.0899643617868424,0.5785,1.641746062040329,0.4295,0.0,0.0,0.0,0.0
4,5,0.9660421067476272,0.6185,0.9387034019827842,0.633,2.306971311569214,0.6242406964302063,0.3986779749393463,0.704
4,6,0.9118429517745972,0.6405,1.09008948802948,0.625,0.0,0.0,0.0,0.0
4,7,0.7957716694474221,0.698,1.0134861102700234,0.573,0.0,0.0,0.0,0.0
4,8,0.6757552880048752,0.7605,1.211632396876812,0.6445,0.0,0.0,0.0,0.0
4,9,0.5708350118994713,0.798,0.8639061254262924,0.6655,0.0,0.0,0.0,0.0
4,10,0.39933947548270227,0.859,0.5624131579697133,0.789,0.8954254984855652,0.7521628141403198,0.33348920941352844,0.7695
4,11,0.2656284762918949,0.915,0.20029439195990562,0.952,0.0,0.0,0.0,0.0
4,12,0.23450470246374608,0.918,0.5953403335809707,0.8075,0.0,0.0,0.0,0.0
4,13,0.2267110612243414,0.9185,1.1002535423636437,0.7035,0.0,0.0,0.0,0.0
4,14,0.20510417386889457,0.933,0.4803901471197605,0.846,0.0,0.0,0.0,0.0
4,15,0.14119029998779298,0.9555,0.19661001190543176,0.9195,0.6828818321228027,0.3434765338897705,0.1962118297815323,0.855
4,16,0.0997263385541737,0.9725,0.038741649431176486,0.9945,0.0,0.0,0.0,0.0
4,17,0.04976657895371318,0.985,0.6554749725759029,0.796,0.0,0.0,0.0,0.0
4,18,0.059284831844270226,0.9825,0.1843809746950865,0.946,0.0,0.0,0.0,0.0
4,19,0.03622705589514226,0.9895,0.03692920170724392,0.99,0.0,0.0,0.0,0.0
4,20,0.02317248355364427,0.9955,0.013893364025279879,0.997,0.38868433237075806,0.2869434654712677,0.13128288090229034,0.9595
4,21,0.022145899712340905,0.9925,0.02460854673292488,0.993,0.0,0.0,0.0,0.0
4,22,0.0119590103457449,0.9975,0.061560318279080095,0.976,0.0,0.0,0.0,0.0
4,23,0.0063910782808670775,0.999,0.007393685301067308,0.999,0.0,0.0,0.0,0.0
4,24,0.002649007769941818,1.0,0.0017775084398454054,1.0,0.0,0.0,0.0,0.0
4,25,0.0028656067393603734,1.0,0.0010445961679215543,1.0,0.2987152636051178,0.3022997975349426,0.11736076325178146,0.9805
4,26,0.0027164919242204633,0.999,0.0029113928927108645,1.0,0.0,0.0,0.0,0.0
4,27,0.11432570362929255,0.963,3.1411825358867644,0.619,0.0,0.0,0.0,0.0
4,28,0.13297770212870091,0.9595,0.2739026361703873,0.906,0.0,0.0,0.0,0.0
4,29,0.059928157567046586,0.9805,1.209856573343277,0.7055,0.0,0.0,0.0,0.0
4,30,0.03839406699640677,0.9895,0.29478303987532856,0.908,0.47427353262901306,0.4602833688259125,0.15792979300022125,0.859
4,31,0.022843129890970884,0.9935,0.01098605937208049,0.9975,0.0,0.0,0.0,0.0
4,32,0.0063602021080441775,0.999,0.0019901852041948587,1.0,0.0,0.0,0.0,0.0
4,33,0.0025751605827827005,0.9995,0.02180478996015154,0.994,0.0,0.0,0.0,0.0
4,34,0.00453741403092863,0.9985,0.0461435565399006,0.981,0.0,0.0,0.0,0.0
4,35,0.00276758260501083,0.9995,0.001170936724083731,1.0,0.3077322542667389,0.27247995138168335,0.11435359716415405,0.977
4,36,0.0015999797749100253,0.9995,0.001376945219526533,0.9995,0.0,0.0,0.0,0.0
4,37,0.001002060421742499,1.0,0.00040041144624410665,1.0,0.0,0.0,0.0,0.0
4,38,0.0005747074788814644,1.0,0.0002782410276995506,1.0,0.0,0.0,0.0,0.0
4,39,0.0006238303505961085,1.0,0.0002280033642455237,1.0,0.0,0.0,0.0,0.0
4,40,0.0008513593714087619,1.0,0.00025310060325864467,1.0,0.2731245458126068,0.3019057810306549,0.11687038093805313,0.985
4,41,0.0004389766900567338,1.0,0.00026428900950122627,1.0,0.0,0.0,0.0,0.0
4,42,0.00040144792495993897,1.0,0.00020103307298995787,1.0,0.0,0.0,0.0,0.0
4,43,0.00031331031714216807,1.0,0.00017414347443263977,1.0,0.0,0.0,0.0,0.0
4,44,0.0002635959296458168,1.0,0.00016281250020256266,1.0,0.0,0.0,0.0,0.0
4,45,0.00030614053775934735,1.0,0.00014499898121357547,1.0,0.2526698708534241,0.2707352638244629,0.1084095761179924,0.9875
4,46,0.0002717883779769181,1.0,0.00013270369609017508,1.0,0.0,0.0,0.0,0.0
4,47,0.00023536743839940754,1.0,0.00012750641126331176,1.0,0.0,0.0,0.0,0.0
4,48,0.00026118368365132485,1.0,0.00011805988469859585,1.0,0.0,0.0,0.0,0.0
4,49,0.00025576760210242354,1.0,0.00010487416295291041,1.0,0.0,0.0,0.0,0.0
4,50,0.0002588192381153931,1.0,9.394607792273746e-05,1.0,0.24012897908687592,0.2625040113925934,0.10482855141162872,0.9895
4,51,0.00021293136342137586,1.0,9.386739222463802e-05,1.0,0.0,0.0,0.0,0.0
4,52,0.00018256789415318052,1.0,8.902497180315549e-05,1.0,0.0,0.0,0.0,0.0
4,53,0.00016408448354923166,1.0,8.313709953654325e-05,1.0,0.0,0.0,0.0,0.0
4,54,0.00017774262578313938,1.0,7.883851958467858e-05,1.0,0.0,0.0,0.0,0.0
4,55,0.0001694779662284418,1.0,7.829807695088676e-05,1.0,0.2357904464006424,0.2464892417192459,0.1017945185303688,0.9915
5,1,1.4071108263731003,0.4515,2.914721281528473,0.3495,0.0,0.0,0.0,0.0
5,2,0.989575026333332,0.6485,1.7616809177398682,0.5345,0.0,0.0,0.0,0.0
5,3,0.8218590286374092,0.6905,0.7111142599582672,0.7135,0.0,0.0,0.0,0.0
5,4,0.743521182835102,0.7235,1.048907044529915,0.7435,0.0,0.0,0.0,0.0
5,5,0.7006858119368553,0.7375,0.7024312373995781,0.7205,1.4682291746139526,0.867357611656189,0.397960901260376,0.737
5,6,0.5778891091048718,0.7795,0.7861521536111832,0.7335,0.0,0.0,0.0,0.0
5,7,0.48447325989603995,0.8205,0.8645612993836402,0.718,0.0,0.0,0.0,0.0
5,8,0.47575116366147996,0.8165,0.6980044296383858,0.7795,0.0,0.0,0.0,0.0
5,9,0.43429469972848894,0.8375,0.8985653626918793,0.709,0.0,0.0,0.0,0.0
5,10,0.37474354334175586,0.857,0.3642319116741419,0.866,1.091349482536316,0.4539121389389038,0.28470149636268616,0.8295
5,11,0.2665435899794102,0.8965,0.723743202984333,0.786,0.0,0.0,0.0,0.0
5,12,0.2354874873906374,0.9095,0.6082790569961071,0.7635,0.0,0.0,0.0,0.0
5,13,0.19132977906614543,0.9345,0.3607111869007349,0.848,0.0,0.0,0.0,0.0
5,14,0.15517108768224716,0.953,0.37864108733832835,0.8535,0.0,0.0,0.0,0.0
5,15,0.06934449655935168,0.9735,0.35537999264895914,0.876,0.4439016282558441,0.47509631514549255,0.2352839559316635,0.8435
5,16,0.07234402160160243,0.9735,0.1139973322302103,0.9625,0.0,0.0,0.0,0.0
5,17,0.05274972157087177,0.983,0.1612617763131857,0.952,0.0,0.0,0.0,0.0
5,18,0.0324410335207358,0.9895,0.03555471634026617,0.9915,0.0,0.0,0.0,0.0
5,19,0.12708793088793754,0.957,1.2890797752141951,0.776,0.0,0.0,0.0,0.0
5,20,0.14464837230741978,0.95,0.6731646943092346,0.848,0.7224767208099365,0.5770764946937561,0.28224343061447144,0.7905
5,21,0.10815333692356945,0.9575,0.9017208933830261,0.7995,0.0,0.0,0.0,0.0
5,22,0.044749491387046876,0.985,0.02434382044011727,0.9925,0.0,0.0,0.0,0.0
5,23,0.05915046907495707,0.984,0.12125433152541518,0.964,0.0,0.0,0.0,0.0
5,24,0.05846493691438809,0.9805,0.22549211813136935,0.9345,0.0,0.0,0.0,0.0
5,25,0.12954022040124982,0.9635,0.36616513345390556,0.8925,0.4706594944000244,0.5164459347724915,0.300974577665329,0.848
5,26,0.05324027750873938,0.98,0.1784733821079135,0.932,0.0,0.0,0.0,0.0
5,27,0.016673078213934787,0.997,0.04386351044289768,0.9875,0.0,0.0,0.0,0.0
5,28,0.029668237196165136,0.987,0.016905940214637667,0.995,0.0,0.0,0.0,0.0
5,29,0.11350142774172127,0.9685,0.6837860806286336,0.863,0.0,0.0,0.0,0.0
5,30,0.0671668843133375,0.9775,0.21873791464604436,0.9245,0.3949389159679413,0.2640770971775055,0.17805108428001404,0.8965
5,31,0.039618970372248444,0.988,0.15892502771690487,0.9455,0.0,0.0,0.0,0.0
5,32,0.018535420077387243,0.9945,0.016825973996892573,0.996,0.0,0.0,0.0,0.0
5,33,0.03601269582053646,0.9895,0.011138743655756116,0.998,0.0,0.0,0.0,0.0
5,34,0.010510605976451188,0.9975,0.007105527964304201,0.9985,0.0,0.0,0.0,0.0
5,35,0.007271369041409344,0.998,0.028265387549763547,0.988,0.2967587411403656,0.2509436309337616,0.15799160301685333,0.955
5,36,0.004663813666848,0.9985,0.00478752500610426,1.0,0.0,0.0,0.0,0.0
5,37,0.003843796371947974,0.9995,0.0012523626259644516,1.0,0.0,0.0,0.0,0.0
5,38,0.0016556408688484226,1.0,0.000611628727929201,1.0,0.0,0.0,0.0,0.0
5,39,0.0007862091696733841,1.0,0.00030719426955329256,1.0,0.0,0.0,0.0,0.0
5,40,0.0006672433762287256,1.0,0.0002729315360829787,1.0,0.23676228523254395,0.23175004124641418,0.14248523116111755,0.9875
5,41,0.002087249204487307,0.9995,0.0007574459053284955,1.0,0.0,0.0,0.0,0.0
5,42,0.0009118576255423249,1.0,0.00031213600843329917,1.0,0.0,0.0,0.0,0.0
5,43,0.00043374145760026293,1.0,0.0001921748363020015,1.0,0.0,0.0,0.0,0.0
5,44,0.00036576106402208097,1.0,0.00015776041655044538,1.0,0.0,0.0,0.0,0.0
5,45,0.00039448544397600925,1.0,0.00014205531486368271,1.0,0.23013436794281006,0.2217520773410797,0.13673678040504456,0.9875
5,46,0.00037046319823275553,1.0,0.00013585857854195638,1.0,0.0,0.0,0.0,0.0
5,47,0.0015890010050497948,0.9995,0.0001382428159195115,1.0,0.0,0.0,0.0,0.0
5,48,0.03792415800046001,0.9905,0.07935008453758201,0.977,0.0,0.0,0.0,0.0
5,49,0.02765830992022529,0.993,0.4177208251878619,0.88,0.0,0.0,0.0,0.0
5,50,0.015285741444677115,0.996,0.028140788171440362,0.9925,0.3282674551010132,0.2363145798444748,0.16256554424762726,0.963
5,51,0.004865103319170885,0.999,0.001383258010901045,1.0,0.0,0.0,0.0,0.0
5,52,0.0017194655792263803,1.0,0.000739809038459498,1.0,0.0,0.0,0.0,0.0
5,53,0.0011646346894849558,1.0,0.0003711805388593348,1.0,0.0,0.0,0.0,0.0
5,54,0.0004985323032451561,1.0,0.00022308730338409079,1.0,0.0,0.0,0.0,0.0
5,55,0.0006202799094535294,1.0,0.00015992224856745452,1.0,0.24671609699726105,0.23393777012825012,0.1421293169260025,0.9895
5,56,0.0005670756651670672,1.0,0.0002431364006770309,1.0,0.0,0.0,0.0,0.0
5,57,0.004148054407269228,0.9985,0.0008516797261108877,1.0,0.0,0.0,0.0,0.0
5,58,0.0018880447388801259,1.0,0.0003063137833669316,1.0,0.0,0.0,0.0,0.0
5,59,0.0006380365920631447,1.0,0.0001323067248085863,1.0,0.0,0.0,0.0,0.0
5,60,0.0002701935874938499,1.0,0.00010105884004588006,1.0,0.22924008965492249,0.21062956750392914,0.13341008126735687,0.993
6,1,1.4844774496555329,0.4335,4.764207124710083,0.308,0.0,0.0,0.0,0.0
6,2,1.293977966606617,0.561,1.1824982160329818,0.6065,0.0,0.0,0.0,0.0
6,3,0.9719000685214997,0.648,1.0136954087018966,0.6535,0.0,0.0,0.0,0.0
6,4,0.8637262052297592,0.6815,0.9809945303201676,0.6535,0.0,0.0,0.0,0.0
6,5,0.7487983444333076,0.726,0.9154839351773262,0.684,1.472528100013733,0.42318248748779297,0.33731579780578613,0.7515
6,6,0.750307352244854,0.7295,1.2118217879533768,0.624,0.0,0.0,0.0,0.0
6,7,0.6303167471289635,0.773,0.8966409319639206,0.6915,0.0,0.0,0.0,0.0
6,8,0.5266361255943776,0.803,0.5622604468464851,0.7835,0.0,0.0,0.0,0.0
6,9,0.4944127318263054,0.8155,1.629800671339035,0.636,0.0,0.0,0.0,0.0
6,10,0.36588489294052123,0.865,0.38753466233611106,0.863,0.926282525062561,0.33100488781929016,0.23998236656188965,0.769
6,11,0.26824586786329746,0.9025,0.23395937778055667,0.9205,0.0,0.0,0.0,0.0
6,12,0.22064964596182107,0.9165,0.21103707402944566,0.926,0.0,0.0,0.0,0.0
6,13,0.1529833247512579,0.944,2.283195904493332,0.652,0.0,0.0,0.0,0.0
6,14,0.14006452314555645,0.96,0.2339506806060672,0.928,0.0,0.0,0.0,0.0
6,15,0.06722976390272378,0.984,0.04929856558330357,0.989,0.4434874653816223,0.2961496412754059,0.17718319594860077,0.9225
6,16,0.02880694653838873,0.9955,0.25392152689397335,0.908,0.0,0.0,0.0,0.0
6,17,0.025627142614685,0.9955,0.01670295575633645,0.997,0.0,0.0,0.0,0.0
6,18,0.021671373697463425,0.994,0.06749669860117137,0.9775,0.0,0.0,0.0,0.0
6,19,0.011734111511614173,0.999,0.008490972612053156,0.999,0.0,0.0,0.0,0.0
6,20,0.007004596369224601,0.998,0.009768246719613672,0.998,0.33049583435058594,0.2559652030467987,0.1355259269475937,0.968
6,21,0.0054456220136489715,0.999,0.003299485702882521,1.0,0.0,0.0,0.0,0.0
6,22,0.018164739278145135,0.9945,0.13948897188529372,0.959,0.0,0.0,0.0,0.0
6,23,0.03263198540196754,0.9895,0.10163014970719814,0.9605,0.0,0.0,0.0,0.0
6,24,0.025272326547419652,0.994,0.3464806062728167,0.8995,0.0,0.0,0.0,0.0
6,25,0.033231239775195716,0.9905,0.16499379955232144,0.9415,0.3857714831829071,0.2734774053096771,0.16663014888763428,0.8995
6,26,0.024462784989736974,0.9935,0.26223144635558127,0.912,0.0,0.0,0.0,0.0
6,27,0.019332070159725843,0.9955,0.026001129753421993,0.991,0.0,0.0,0.0,0.0
6,28,0.01691846896428615,0.996,0.1145771075040102,0.964,0.0,0.0,0.0,0.0
6,29,0.011327411754755302,0.996,0.005365747105097398,1.0,0.0,0.0,0.0,0.0
6,30,0.006048482540936675,0.9995,0.0018717103332164698,1.0,0.28210505843162537,0.2540174424648285,0.125028595328331,0.9875
6,31,0.0024589089726214297,1.0,0.0009184678686142433,1.0,0.0,0.0,0.0,0.0
6,32,0.0011155306264117827,1.0,0.0004850737856759224,1.0,0.0,0.0,0.0,0.0
6,33,0.0006287711195182055,1.0,0.000346344215067802,1.0,0.0,0.0,0.0,0.0
6,34,0.0004996904225845355,1.0,0.00026690579725254795,1.0,0.0,0.0,0.0,0.0
6,35,0.00041717808860994407,1.0,0.0002139579276627046,1.0,0.24914990365505219,0.24308690428733826,0.11554374545812607,0.9935
7,1,1.4870713514089584,0.438,15.55234700202942,0.2275,0.0,0.0,0.0,0.0
7,2,1.1171258503198624,0.578,1.4217976135015489,0.584,0.0,0.0,0.0,0.0
7,3,1.024945840537548,0.6085,1.6441078186035156,0.582,0.0,0.0,0.0,0.0
7,4,0.8756307142972947,0.67,0.7635383027791977,0.7125,0.0,0.0,0.0,0.0
7,5,0.7563851180672646,0.7125,0.8406040775775909,0.678,1.6118191480636597,0.6794025301933289,0.3531721532344818,0.627
7,6,0.7071873670816422,0.7285,1.0796615836024284,0.595,0.0,0.0,0.0,0.0
7,7,0.6070331560075283,0.7705,0.6664853893220425,0.7455,0.0,0.0,0.0,0.0
7,8,0.46275684490799907,0.823,0.8186111590266227,0.7645,0.0,0.0,0.0,0.0
7,9,0.41469948515295985,0.854,2.0657008117437363,0.5715,0.0,0.0,0.0,0.0
7,10,0.39743374317884445,0.8515,0.8947536599636078,0.7115,1.0033296346664429,0.5815357565879822,0.33604559302330017,0.633
7,11,0.30491162694990637,0.887,0.5332670114934445,0.823,0.0,0.0,0.0,0.0
7,12,0.2509819869697094,0.9105,0.6392046251893043,0.804,0.0,0.0,0.0,0.0
7,13,0.24963613413274288,0.909,0.9150965619087219,0.7375,0.0,0.0,0.0,0.0
7,14,0.19121797014027833,0.9295,0.2738374876976013,0.899,0.0,0.0,0.0,0.0
7,15,0.09207490384578705,0.9705,0.034728652592748405,0.994,0.5413141250610352,0.4014638066291809,0.2061147689819336,0.846
7,16,0.07271358815953136,0.9795,0.04949426169507205,0.9875,0.0,0.0,0.0,0.0
7,17,0.03698357787914574,0.9895,0.08326918267644942,0.969,0.0,0.0,0.0,0.0
7,18,0.027778985439799727,0.993,0.025131009959150106,0.994,0.0,0.0,0.0,0.0
7,19,0.02075905682402663,0.9955,0.01791200529783964,0.997,0.0,0.0,0.0,0.0
7,20,0.01616820164723322,0.996,0.03215505392756313,0.9915,0.4005226194858551,0.28197506070137024,0.15022918581962585,0.9405
7,21,0.017338267423911022,0.9965,0.008887221592012794,0.9985,0.0,0.0,0.0,0.0
7,22,0.01005655680433847,0.9975,0.005650267197052017,0.9995,0.0,0.0,0.0,0.0
7,23,0.006789632501895539,0.999,0.0029593954602023585,1.0,0.0,0.0,0.0,0.0
7,24,0.0025363566118176096,1.0,0.0033424761571222918,0.9995,0.0,0.0,0.0,0.0
7,25,0.0020871644018916414,1.0,0.0008367712081235368,1.0,0.3112865388393402,0.24569803476333618,0.12949314713478088,0.978
7,26,0.0014207552607695107,1.0,0.0006995509208354633,1.0,0.0,0.0,0.0,0.0
7,27,0.0013544616602302994,1.0,0.0025790730302105657,0.9995,0.0,0.0,0.0,0.0
7,28,0.025632657241658308,0.992,0.20684438715688885,0.935,0.0,0.0,0.0,0.0
7,29,0.021375425888691096,0.995,0.0792072857869789,0.969,0.0,0.0,0.0,0.0
7,30,0.010766549214022234,0.997,0.007516860894393176,0.999,0.34823670983314514,0.3120391070842743,0.142597958445549,0.9605
7,31,0.011309667787281796,0.9975,0.009465435268939473,0.996,0.0,0.0,0.0,0.0
7,32,0.023511597658507525,0.9925,0.18620306815952062,0.946,0.0,0.0,0.0,0.0
7,33,0.01406940768356435,0.996,0.008556975551182405,0.999,0.0,0.0,0.0,0.0
7,34,0.07157284976914526,0.98,0.13988825054839255,0.947,0.0,0.0,0.0,0.0
7,35,0.0643842162983492,0.9815,0.052115385164506735,0.9855,0.5131150484085083,0.3251458704471588,0.17073267698287964,0.9055
7,36,0.07364359264727682,0.9715,0.22681334484368562,0.9255,0.0,0.0,0.0,0.0
7,37,0.05020168611779809,0.9825,0.03985290901269764,0.9875,0.0,0.0,0.0,0.0
7,38,0.029135564076714218,0.9935,0.014258223199285568,0.9955,0.0,0.0,0.0,0.0
7,39,0.01183126055286266,0.9975,0.02834968586685136,0.99,0.0,0.0,0.0,0.0
7,40,0.0042008509740117,0.9995,0.011847009113989771,0.996,0.30914172530174255,0.3178916871547699,0.13783560693264008,0.9735
7,41,0.012985423211066518,0.997,0.02060141218069475,0.9925,0.0,0.0,0.0,0.0
7,42,0.017396694071940146,0.9965,0.014295307466527447,0.997,0.0,0.0,0.0,0.0
7,43,0.004795856592827477,0.9995,0.0022809583965863567,1.0,0.0,0.0,0.0,0.0
7,44,0.00320715772541007,0.9995,0.0015443178307032212,1.0,0.0,0.0,0.0,0.0
7,45,0.010497806966886855,0.9975,0.010011104923905804,0.997,0.36315295100212097,0.25811439752578735,0.13861753046512604,0.9715
7,46,0.003645598272123607,1.0,0.002900691054674098,0.9995,0.0,0.0,0.0,0.0
7,47,0.006725837856793078,0.9965,0.056338975694961844,0.981,0.0,0.0,0.0,0.0
7,48,0.020948733644327148,0.9945,0.022996388538740576,0.9935,0.0,0.0,0.0,0.0
7,49,0.010035036045592279,0.9975,0.00296185250277631,1.0,0.0,0.0,0.0,0.0
7,50,0.010735738153744023,0.9975,0.008290273736784003,0.9985,0.3697560429573059,0.26229622960090637,0.13394516706466675,0.959
7,51,0.023658938990556634,0.993,0.036688212633598595,0.9875,0.0,0.0,0.0,0.0
7,52,0.08450134464772419,0.973,1.2463729506731034,0.806,0.0,0.0,0.0,0.0
7,53,0.06259774482576176,0.982,0.1464007068425417,0.9545,0.0,0.0,0.0,0.0
7,54,0.0402631919295527,0.985,0.057187093084212395,0.98,0.0,0.0,0.0,0.0
7,55,0.013452114614192396,0.997,0.006816689176775981,0.9975,0.36391183733940125,0.3387041985988617,0.15661221742630005,0.9545
7,56,0.008722919171850663,0.9975,0.0055497646681033075,0.999,0.0,0.0,0.0,0.0
7,57,0.013636231529526413,0.995,0.08276101169642061,0.97,0.0,0.0,0.0,0.0
7,58,0.007103692690725439,0.997,0.0034176505962386725,0.9995,0.0,0.0,0.0,0.0
7,59,0.017999417377868667,0.9945,0.030796332109021024,0.987,0.0,0.0,0.0,0.0
7,60,0.024349209368228913,0.9905,0.011806707758223638,0.9975,0.4435429573059082,0.3262571096420288,0.1717577427625656,0.9315
7,61,0.00953818932408467,0.9985,0.007796593420207501,0.9975,0.0,0.0,0.0,0.0
7,62,0.0050225888140266765,0.999,0.0031080761610064655,0.9995,0.0,0.0,0.0,0.0
7,63,0.003097592988196993,0.9995,0.0015589355984411669,0.9995,0.0,0.0,0.0,0.0
7,64,0.044400602470268495,0.9875,0.44906965382397174,0.8945,0.0,0.0,0.0,0.0
7,65,0.05541040470590815,0.9835,0.16154373742640019,0.9535,0.46036121249198914,0.43707016110420227,0.18151961266994476,0.8695
7,66,0.20104289173148573,0.945,0.5092887763679027,0.876,0.0,0.0,0.0,0.0
7,67,0.07654062951449304,0.9715,0.06713730248622596,0.9745,0.0,0.0,0.0,0.0
7,68,0.023099734368151985,0.993,0.07042465497739613,0.9775,0.0,0.0,0.0,0.0
7,69,0.006631412538699806,0.9975,0.008588970293058083,0.9985,0.0,0.0,0.0,0.0
7,70,0.007471432242309675,0.9985,0.0027744909345346967,0.999,0.35460779070854187,0.2701862156391144,0.135141521692276,0.976
7,71,0.002420022337028058,1.0,0.0016954687566612847,0.9995,0.0,0.0,0.0,0.0
7,72,0.0010922124303033342,1.0,0.0003745237003749935,1.0,0.0,0.0,0.0,0.0
7,73,0.00059669585309166,1.0,0.0002410601700103143,1.0,0.0,0.0,0.0,0.0
7,74,0.00041439888918830546,1.0,0.00017697709667118032,1.0,0.0,0.0,0.0,0.0
7,75,0.00045004404812061695,1.0,0.0001661255635553971,1.0,0.3045182228088379,0.2477881759405136,0.12492462247610092,0.9855
7,76,0.00031726575918582966,1.0,0.00014326577114843531,1.0,0.0,0.0,0.0,0.0
7,77,0.00041871513596561274,1.0,0.0001269789068828686,1.0,0.0,0.0,0.0,0.0
7,78,0.0003479113151115598,1.0,0.00018126386696167173,1.0,0.0,0.0,0.0,0.0
7,79,0.0005798101227992447,1.0,0.0001561523314740043,1.0,0.0,0.0,0.0,0.0
7,80,0.001335251376767701,1.0,0.000460077015668503,1.0,0.3076426684856415,0.22186154127120972,0.11720522493124008,0.9855
7,81,0.0009930064383661375,1.0,0.0011550499057921115,0.9995,0.0,0.0,0.0,0.0
7,82,0.0007658365855604643,1.0,0.00016662858590279939,1.0,0.0,0.0,0.0,0.0
7,83,0.00028383330121869223,1.0,0.00010222858309134608,1.0,0.0,0.0,0.0,0.0
7,84,0.00022465695787104778,1.0,8.582305650634226e-05,1.0,0.0,0.0,0.0,0.0
7,85,0.00017855624355433974,1.0,7.424132361848024e-05,1.0,0.28426218032836914,0.21672730147838593,0.11322744935750961,0.989
7,86,0.00021428872418255196,1.0,7.40074761051801e-05,1.0,0.0,0.0,0.0,0.0
7,87,0.0001574537141186738,1.0,6.92600019283418e-05,1.0,0.0,0.0,0.0,0.0
7,88,0.00014284728986240224,1.0,6.437000942241866e-05,1.0,0.0,0.0,0.0,0.0
7,89,0.00018366902755587945,1.0,6.140230108030665e-05,1.0,0.0,0.0,0.0,0.0
7,90,0.00018766533825328224,1.0,5.469035829264612e-05,1.0,0.2762414515018463,0.21457840502262115,0.11079422384500504,0.9895
7,91,0.0003121809006370313,1.0,5.3485455509871827e-05,1.0,0.0,0.0,0.0,0.0
7,92,0.00189089869019881,0.9995,0.0001074772728679818,1.0,0.0,0.0,0.0,0.0
7,93,0.00020231744370903472,1.0,7.900602356130548e-05,1.0,0.0,0.0,0.0,0.0
7,94,0.00018422715495034937,1.0,7.413574945530854e-05,1.0,0.0,0.0,0.0,0.0
7,95,0.0001881649048664258,1.0,7.103781899786554e-05,1.0,0.27912455797195435,0.20669452846050262,0.10893891006708145,0.989
7,96,0.0001650720538054884,1.0,5.086254288471537e-05,1.0,0.0,0.0,0.0,0.0
7,97,0.00016683835036019446,1.0,5.925620715061086e-05,1.0,0.0,0.0,0.0,0.0
7,98,0.00027154958627761516,1.0,5.3406734250529555e-05,1.0,0.0,0.0,0.0,0.0
7,99,0.00022123480237496552,1.0,7.636092502252723e-05,1.0,0.0,0.0,0.0,0.0
7,100,0.00053921852091662,1.0,9.157544454865273e-05,1.0,0.27958914637565613,0.20750822126865387,0.1059587225317955,0.992
8,1,1.3605232208967208,0.481,2.4157943892478944,0.469,0.0,0.0,0.0,0.0
8,2,1.165539088845253,0.5725,1.2584740209579468,0.5895,0.0,0.0,0.0,0.0
8,3,1.0012145599722861,0.6255,1.034288328588009,0.594,0.0,0.0,0.0,0.0
8,4,0.9154657676815987,0.669,0.7797067946195603,0.714,0.0,0.0,0.0,0.0
8,5,0.7981146121025086,0.715,0.7130872914195061,0.717,1.4580086469650269,0.6635259985923767,0.4759843051433563,0.7925
8,6,0.7201852720975875,0.742,1.1028858676552773,0.6485,0.0,0.0,0.0,0.0
8,7,0.6964963728189468,0.746,0.6034335553646087,0.789,0.0,0.0,0.0,0.0
8,8,0.6474505561590195,0.775,0.8233247977495194,0.712,0.0,0.0,0.0,0.0
8,9,0.5524146631360054,0.795,0.6094099421799183,0.7905,0.0,0.0,0.0,0.0
8,10,0.4162211984395981,0.8525,0.49420495837926864,0.8185,1.0303573608398438,0.6097480058670044,0.34708371758461,0.7415
8,11,0.3834493338316679,0.862,0.6526946237683297,0.7715,0.0,0.0,0.0,0.0
8,12,0.36068413078784944,0.869,0.5186512270569801,0.8265,0.0,0.0,0.0,0.0
8,13,0.37475512944161893,0.87,0.8551616334915161,0.757,0.0,0.0,0.0,0.0
8,14,0.32872132331132886,0.8765,0.5365004228055477,0.7935,0.0,0.0,0.0,0.0
8,15,0.3150668898969889,0.89,0.32222787946462633,0.8805,0.6925134658813477,0.5170264840126038,0.3236621916294098,0.8135
8,16,0.21950730688869954,0.919,0.29455208510160447,0.8925,0.0,0.0,0.0,0.0
8,17,0.14268685156479477,0.9515,0.14858845297247172,0.948,0.0,0.0,0.0,0.0
8,18,0.0951287729293108,0.971,0.08683663953095674,0.9745,0.0,0.0,0.0,0.0
8,19,0.05893072390463203,0.9815,0.39351975344121454,0.869,0.0,0.0,0.0,0.0
8,20,0.04003052095882595,0.987,0.4712195684760809,0.864,0.43081459403038025,0.3812505304813385,0.21744728088378906,0.8165
8,21,0.07663638102822005,0.9775,0.09724675809964538,0.967,0.0,0.0,0.0,0.0
8,22,0.048817870924249294,0.9835,0.035068352008238435,0.9895,0.0,0.0,0.0,0.0
8,23,0.11149259585887193,0.966,0.19294684767723083,0.934,0.0,0.0,0.0,0.0
8,24,0.09644592199474573,0.969,0.3307514638453722,0.91,0.0,0.0,0.0,0.0
8,25,0.05713087050244212,0.9825,0.04066355178365484,0.9875,0.431047648191452,0.3268512487411499,0.1800837367773056,0.9475
8,26,0.029675809745676816,0.994,0.02025947204325348,0.9935,0.0,0.0,0.0,0.0
8,27,0.07678286117501557,0.9765,0.39187490768730643,0.91,0.0,0.0,0.0,0.0
8,28,0.069449752131477,0.976,0.048200996383093296,0.9835,0.0,0.0,0.0,0.0
8,29,0.05535000897943974,0.984,0.28146796554327014,0.9205,0.0,0.0,0.0,0.0
8,30,0.022564485317561774,0.993,0.03840030764695257,0.9885,0.43828392028808594,0.25771650671958923,0.1573915183544159,0.936
8,31,0.03730471910908818,0.9885,0.09668799277860671,0.968,0.0,0.0,0.0,0.0
8,32,0.035302727668313306,0.99,0.3497685220837593,0.9105,0.0,0.0,0.0,0.0
8,33,0.18622351167257875,0.9445,0.34052429754287006,0.9075,0.0,0.0,0.0,0.0
8,34,0.10303216443397105,0.9695,0.09085977492853999,0.9695,0.0,0.0,0.0,0.0
8,35,0.057800576854497195,0.9815,0.06474561685696244,0.974,0.4515876770019531,0.32952967286109924,0.19821269810199738,0.9235
8,36,0.026267557714600116,0.992,0.02969654447864741,0.9905,0.0,0.0,0.0,0.0
8,37,0.009487066724686884,0.9985,0.0032641298507223838,0.9995,0.0,0.0,0.0,0.0
8,38,0.0054569195350632075,0.999,0.0017447416196228005,1.0,0.0,0.0,0.0,0.0
8,39,0.008574324550281745,0.9985,0.002386526682676049,0.9995,0.0,0.0,0.0,0.0
8,40,0.0030132123423391023,0.9995,0.001149327756065759,1.0,0.3253701329231262,0.24505206942558289,0.15777303278446198,0.9775
8,41,0.0013096194216632284,1.0,0.000518705999274971,1.0,0.0,0.0,0.0,0.0
8,42,0.0006772099861700554,1.0,0.00036561827662808357,1.0,0.0,0.0,0.0,0.0
8,43,0.0009351478573080385,1.0,0.00031137674559431614,1.0,0.0,0.0,0.0,0.0
8,44,0.00502914728174801,0.9995,0.0008071453018055763,1.0,0.0,0.0,0.0,0.0
8,45,0.0017911460145842283,1.0,0.0006053360083751613,1.0,0.3012489676475525,0.24485303461551666,0.15088596940040588,0.982
8,46,0.000849153679155279,1.0,0.00034192477265605704,1.0,0.0,0.0,0.0,0.0
8,47,0.0006150707861525006,1.0,0.00024320234999322565,1.0,0.0,0.0,0.0,0.0
8,48,0.0007271390121604782,1.0,0.00019895539997378365,1.0,0.0,0.0,0.0,0.0
8,49,0.0008277706080843928,1.0,0.00019562094963475828,1.0,0.0,0.0,0.0,0.0
8,50,0.000505498013299075,1.0,0.00016887870955542894,1.0,0.27298974990844727,0.20532327890396118,0.1428389996290207,0.9925
9,1,1.3507528001070022,0.462,5.1729992437362675,0.2585,0.0,0.0,0.0,0.0
9,2,1.025426022708416,0.633,2.2550114858150483,0.4915,0.0,0.0,0.0,0.0
9,3,0.7574775877594948,0.725,0.6705351936817169,0.77,0.0,0.0,0.0,0.0
9,4,0.7134150694310665,0.744,1.2097637617588044,0.665,0.0,0.0,0.0,0.0
9,5,0.5565125335752964,0.8105,0.5927388389408589,0.768,1.33987557888031,0.3615919053554535,0.3773972690105438,0.751
9,6,0.5345197550952434,0.8155,0.5995407915115356,0.7885,0.0,0.0,0.0,0.0
9,7,0.42853929243981836,0.844,0.6424759739637375,0.774,0.0,0.0,0.0,0.0
9,8,0.39102628707885745,0.865,0.5848602570593358,0.8085,0.0,0.0,0.0,0.0
9,9,0.3778078315407038,0.873,0.4158034425973892,0.8595,0.0,0.0,0.0,0.0
9,10,0.30088433817029,0.896,0.6300066637992859,0.784,0.8403282165527344,0.3655838072299957,0.2760961651802063,0.725
9,11,0.25884941637516024,0.9155,2.975523750782013,0.5595,0.0,0.0,0.0,0.0
9,12,0.29985039971768856,0.891,0.1695187234133482,0.9475,0.0,0.0,0.0,0.0
9,13,0.15538453802466393,0.952,0.1040380303002894,0.9755,0.0,0.0,0.0,0.0
9,14,0.15535405179485678,0.9475,0.23615935076028108,0.915,0.0,0.0,0.0,0.0
9,15,0.12319874903187156,0.9555,0.12599202543497084,0.9605,0.596974790096283,0.2957397997379303,0.22329087555408478,0.879
9,16,0.09779262769967317,0.968,0.1263895048201084,0.9515,0.0,0.0,0.0,0.0
9,17,0.08039957315661013,0.9785,0.24183833252638579,0.914,0.0,0.0,0.0,0.0
9,18,0.04348974109161645,0.987,0.054695972455665466,0.984,0.0,0.0,0.0,0.0
9,19,0.040007175453938545,0.9905,0.027855819538235665,0.995,0.0,0.0,0.0,0.0
9,20,0.02977258143015206,0.9915,0.031319772689603266,0.9905,0.4771108627319336,0.23497925698757172,0.17147158086299896,0.928
9,21,0.16431859952397646,0.9455,0.7647461016476155,0.8455,0.0,0.0,0.0,0.0
9,22,0.09877244751900434,0.966,0.03833976998925209,0.9915,0.0,0.0,0.0,0.0
9,23,0.04402031408622861,0.9855,0.01429949063807726,0.997,0.0,0.0,0.0,0.0
9,24,0.019316417381633075,0.994,0.0293496805196628,0.9925,0.0,0.0,0.0,0.0
9,25,0.031207349323667585,0.9925,0.00929485861910507,0.999,0.4968067705631256,0.25562068819999695,0.17022161185741425,0.918
9,26,0.06508150182431564,0.979,0.4988317647576332,0.84,0.0,0.0,0.0,0.0
9,27,0.07074644529027864,0.979,0.15837535033002495,0.951,0.0,0.0,0.0,0.0
9,28,0.143864965736866,0.9545,1.2173631843924522,0.716,0.0,0.0,0.0,0.0
9,29,0.09085299383383244,0.9695,0.08711077745072543,0.974,0.0,0.0,0.0,0.0
9,30,0.035703106014989314,0.9915,0.05262943492736667,0.9795,0.37662601470947266,0.2661973536014557,0.17035487294197083,0.9455
9,31,0.03250238731270656,0.991,0.0132123970950488,0.9955,0.0,0.0,0.0,0.0
9,32,0.012036807322874665,0.996,0.008280193732935004,0.9985,0.0,0.0,0.0,0.0
9,33,0.00762729565234622,0.9985,0.0030813494432368315,0.9995,0.0,0.0,0.0,0.0
9,34,0.002812401090777712,1.0,0.0011846393486484885,1.0,0.0,0.0,0.0,0.0
9,35,0.004700275197392329,0.999,0.0017836102560977452,1.0,0.31660085916519165,0.19954131543636322,0.13560821115970612,0.9855
9,36,0.001873811058321735,1.0,0.0005146484688157215,1.0,0.0,0.0,0.0,0.0
9,37,0.000760964968794724,1.0,0.0003812633091729367,1.0,0.0,0.0,0.0,0.0
9,38,0.0009655011749418918,1.0,0.00031568518716085237,1.0,0.0,0.0,0.0,0.0
9,39,0.0006964156706817448,1.0,0.0002835449614940444,1.0,0.0,0.0,0.0,0.0
9,40,0.0011700892907538219,1.0,0.00042717370568425396,1.0,0.2900794446468353,0.19842685759067535,0.13330067694187164,0.985
9,41,0.0027170965156983586,0.999,0.03508030434255488,0.987,0.0,0.0,0.0,0.0
9,42,0.040235218100715425,0.9895,0.025141009208746255,0.9915,0.0,0.0,0.0,0.0
9,43,0.008205866201897151,0.998,0.002550007964600809,0.9995,0.0,0.0,0.0,0.0
9,44,0.002706348575593438,1.0,0.0007784322337829508,1.0,0.0,0.0,0.0,0.0
9,45,0.002000514523097081,1.0,0.0009773198518087155,1.0,0.3239421546459198,0.20382116734981537,0.13749904930591583,0.978
9,46,0.0011983428323583212,1.0,0.00048364229376602453,1.0,0.0,0.0,0.0,0.0
9,47,0.000857788579451153,1.0,0.00032602649931504855,1.0,0.0,0.0,0.0,0.0
9,48,0.0014255690360732841,1.0,0.0006847771313914563,1.0,0.0,0.0,0.0,0.0
9,49,0.004103531902219401,0.9995,0.009648510983970482,0.997,0.0,0.0,0.0,0.0
9,50,0.006432844755181577,0.998,0.008650566775468178,0.999,0.2894781231880188,0.20916959643363953,0.1372070610523224,0.984
9,51,0.03364731795205444,0.9895,0.005897579608135857,0.9985,0.0,0.0,0.0,0.0
9,52,0.012172503373585641,0.9965,0.03322278299543541,0.99,0.0,0.0,0.0,0.0
9,53,0.01690674133540597,0.9975,0.09370204451377503,0.967,0.0,0.0,0.0,0.0
9,54,0.009483585210255115,0.998,0.020805060376878827,0.991,0.0,0.0,0.0,0.0
9,55,0.05267661654739641,0.9825,0.01718630561023019,0.9965,0.43674951791763306,0.2738865911960602,0.16206467151641846,0.9505
9,56,0.020695401087868957,0.993,0.02646989636705257,0.9905,0.0,0.0,0.0,0.0
9,57,0.013502742060809396,0.996,0.0037236363274860194,0.9995,0.0,0.0,0.0,0.0
9,58,0.035915998725686224,0.99,0.005476501573866699,0.999,0.0,0.0,0.0,0.0
9,59,0.0361669109063223,0.99,0.14086735989898444,0.9625,0.0,0.0,0.0,0.0
9,60,0.016595865579292875,0.994,0.017918162792775548,0.9965,0.3696618378162384,0.24864520132541656,0.1418800801038742,0.959
9,61,0.02157098683062941,0.9945,0.004850502593908459,1.0,0.0,0.0,0.0,0.0
9,62,0.0032906372597790324,0.9995,0.0012758102890802548,1.0,0.0,0.0,0.0,0.0
9,63,0.0009268697613151744,1.0,0.0004178745004173834,1.0,0.0,0.0,0.0,0.0
9,64,0.0006344741499924567,1.0,0.0003076414147108153,1.0,0.0,0.0,0.0,0.0
9,65,0.0005315016016902519,1.0,0.0002706615731040074,1.0,0.31068599224090576,0.21938741207122803,0.1377287209033966,0.9785
9,66,0.0006917063414221047,1.0,0.00020831374120461988,1.0,0.0,0.0,0.0,0.0
9,67,0.0010477817389619303,1.0,0.0003785934545521741,1.0,0.0,0.0,0.0,0.0
9,68,0.000654729595335084,1.0,0.00022089088721259032,1.0,0.0,0.0,0.0,0.0
9,69,0.00034936377742269544,1.0,0.00018052379426080733,1.0,0.0,0.0,0.0,0.0
9,70,0.0006070374860792072,1.0,0.00014985528479883215,1.0,0.3001888692378998,0.20692391693592072,0.13015933334827423,0.9775
9,71,0.0007297376433416503,1.0,0.00018876774083764758,1.0,0.0,0.0,0.0,0.0
9,72,0.002015159155234869,0.9995,0.0008907488144905074,1.0,0.0,0.0,0.0,0.0
9,73,0.0038561524896795164,0.9985,0.0011070615427161102,1.0,0.0,0.0,0.0,0.0
9,74,0.0009338457971898606,1.0,0.0001956170304401894,1.0,0.0,0.0,0.0,0.0
9,75,0.00036022388569108445,1.0,0.00013922426060162252,1.0,0.2933911979198456,0.21648220717906952,0.12863008677959442,0.9835
9,76,0.00039282844354602273,1.0,0.00011999063048278913,1.0,0.0,0.0,0.0,0.0
9,77,0.0003575709578944952,1.0,0.00010329294384064269,1.0,0.0,0.0,0.0,0.0
9,78,0.0006022003386169671,1.0,0.00017061887630006822,1.0,0.0,0.0,0.0,0.0
9,79,0.0002618947958580975,1.0,0.00011834793840534986,1.0,0.0,0.0,0.0,0.0
9,80,0.00021167417799006216,1.0,8.636862150524394e-05,1.0,0.2790798544883728,0.19968397915363312,0.12654654681682587,0.9865
9,81,0.00020473700875299982,1.0,8.713475946024118e-05,1.0,0.0,0.0,0.0,0.0
9,82,0.0003764625865369453,1.0,8.561776394344633e-05,1.0,0.0,0.0,0.0,0.0
9,83,0.00622385170438065,0.999,0.014880754336918472,0.9955,0.0,0.0,0.0,0.0
9,84,0.011485591511445818,0.997,0.0883691611001268,0.9735,0.0,0.0,0.0,0.0
9,85,0.007921830219129334,0.997,0.026443066658684983,0.9925,0.33666494488716125,0.2199392318725586,0.1284160315990448,0.97
9,86,0.009371060128469253,0.996,0.0034177809639368206,0.999,0.0,0.0,0.0,0.0
9,87,0.0025019099184282823,0.999,0.00038418592204834566,1.0,0.0,0.0,0.0,0.0
9,88,0.027467302119039232,0.993,0.027873262709472327,0.9895,0.0,0.0,0.0,0.0
9,89,0.07638421046664007,0.9775,0.10670849557965995,0.9745,0.0,0.0,0.0,0.0
9,90,0.033861871482804416,0.992,0.04192643797956407,0.986,0.3799649178981781,0.27091947197914124,0.1442234069108963,0.9485
9,91,0.03242886024410836,0.99,0.011366654988378286,0.9975,0.0,0.0,0.0,0.0
9,92,0.010087284569162875,0.9975,0.0027095705090323463,0.9995,0.0,0.0,0.0,0.0
9,93,0.002518498819699744,1.0,0.000983040978317149,1.0,0.0,0.0,0.0,0.0
9,94,0.0010410413001227426,1.0,0.00031102808938157975,1.0,0.0,0.0,0.0,0.0
9,95,0.0006573520561505574,1.0,0.0004954515979625285,1.0,0.3042721748352051,0.21720574796199799,0.12283287197351456,0.988
9,96,0.0006233097825315781,1.0,0.00018906610159319826,1.0,0.0,0.0,0.0,0.0
9,97,0.0004539607283004443,1.0,0.00016249667787633372,1.0,0.0,0.0,0.0,0.0
9,98,0.0003642253473663004,1.0,0.0001284326327731833,1.0,0.0,0.0,0.0,0.0
9,99,0.00027515761368704264,1.0,0.00012512714711192529,1.0,0.0,0.0,0.0,0.0
9,100,0.00020847174995651584,1.0,0.00011584557187234168,1.0,0.28541135787963867,0.20639875531196594,0.11761637032032013,0.995
10,1,1.3893616378307343,0.431,3.327392474412918,0.3325,0.0,0.0,0.0,0.0
10,2,1.0838655155897141,0.6015,1.3222463989257813,0.514,0.0,0.0,0.0,0.0
10,3,1.1356553107500076,0.571,1.2188644111156464,0.597,0.0,0.0,0.0,0.0
10,4,0.9209944173693657,0.664,0.8913082775473594,0.6205,0.0,0.0,0.0,0.0
10,5,0.8361036375164985,0.675,0.9082375332713127,0.658,2.83794903755188,0.7514368295669556,0.378339558839798,0.7095
10,6,0.7763494580984116,0.7175,0.9674372273683548,0.5905,0.0,0.0,0.0,0.0
10,7,0.6766685856878758,0.7425,0.8377837783098221,0.649,0.0,0.0,0.0,0.0
10,8,0.615596666932106,0.7665,0.6210377532243728,0.7815,0.0,0.0,0.0,0.0
10,9,0.5181002855300904,0.8045,0.6046502634882926,0.792,0.0,0.0,0.0,0.0
10,10,0.49240642741322516,0.814,0.43388516768813135,0.844,1.0597578287124634,0.6592790484428406,0.3262951076030731,0.785
10,11,0.40089186422526835,0.8665,0.3204767098277807,0.8865,0.0,0.0,0.0,0.0
10,12,0.42709001533687113,0.843,0.5619394963979721,0.775,0.0,0.0,0.0,0.0
10,13,0.28876615799963473,0.893,0.6911942812800408,0.771,0.0,0.0,0.0,0.0
10,14,0.2278219685703516,0.918,0.1840829884633422,0.9305,0.0,0.0,0.0,0.0
10,15,0.15969636883586646,0.9425,0.4984369590878487,0.8345,0.6073261499404907,0.45908278226852417,0.24999907612800598,0.7625
10,16,0.11093532973900437,0.9655,0.6305210334062576,0.807,0.0,0.0,0.0,0.0
10,17,0.07038075996562838,0.979,1.447833039164543,0.6565,0.0,0.0,0.0,0.0
10,18,0.11470371518284082,0.96,1.174262679517269,0.7815,0.0,0.0,0.0,0.0
10,19,0.09615181045606733,0.9675,0.31546018153429034,0.858,0.0,0.0,0.0,0.0
10,20,0.08097890529315918,0.9755,0.1704086084663868,0.942,0.4560573101043701,0.3822857141494751,0.20831835269927979,0.8715
10,21,0.11299787571653724,0.964,2.3267515820264815,0.7845,0.0,0.0,0.0,0.0
10,22,0.12410147354006767,0.954,0.14463674146682023,0.9515,0.0,0.0,0.0,0.0
10,23,0.15834253307431936,0.9575,0.08571060676127672,0.9705,0.0,0.0,0.0,0.0
10,24,0.07569062597118319,0.978,0.03956953335553408,0.9915,0.0,0.0,0.0,0.0
10,25,0.05028174021746963,0.985,0.030674868687056003,0.99,0.4169611930847168,0.2691064774990082,0.16504929959774017,0.928
10,26,0.0736779653839767,0.9765,0.06455237383022905,0.9805,0.0,0.0,0.0,0.0
10,27,0.04615712310187518,0.987,0.062173999464139346,0.979,0.0,0.0,0.0,0.0
10,28,0.015191413093125447,0.998,0.034168267264030876,0.991,0.0,0.0,0.0,0.0
10,29,0.003789550981600769,1.0,0.0021494831741438246,1.0,0.0,0.0,0.0,0.0
10,30,0.0022464588782167994,1.0,0.0006657745256961789,1.0,0.29152169823646545,0.22137558460235596,0.13482195138931274,0.983
10,31,0.0016121659260534215,1.0,0.0005738848810142371,1.0,0.0,0.0,0.0,0.0
10,32,0.0010888011286442633,1.0,0.000407780580499093,1.0,0.0,0.0,0.0,0.0
10,33,0.0007987360806146171,1.0,0.0003296362913533812,1.0,0.0,0.0,0.0,0.0
10,34,0.0005591949074005242,1.0,0.0003034850224503316,1.0,0.0,0.0,0.0,0.0
10,35,0.0005215503287035972,1.0,0.0002535414692465565,1.0,0.26068952679634094,0.21434353291988373,0.13048891723155975,0.9895
10,36,0.0006132194853853434,1.0,0.00022131949983304367,1.0,0.0,0.0,0.0,0.0
10,37,0.0006151553846575553,1.0,0.0002856293593504233,1.0,0.0,0.0,0.0,0.0
10,38,0.0006043241073348327,1.0,0.00018826112886017655,1.0,0.0,0.0,0.0,0.0
10,39,0.0004366768007457722,1.0,0.00015878517184319207,1.0,0.0,0.0,0.0,0.0
10,40,0.00037580483036435907,1.0,0.00017424001460312867,1.0,0.24898143112659454,0.2154490053653717,0.12573698163032532,0.9935
11,1,1.5039429813623428,0.381,3.0358177268505098,0.34,0.0,0.0,0.0,0.0
11,2,1.3995393109321594,0.4605,3.7730305290222166,0.369,0.0,0.0,0.0,0.0
11,3,1.1569416236877441,0.563,1.3701082330942154,0.4525,0.0,0.0,0.0,0.0
11,4,0.9819361656904221,0.6245,1.7275682866573334,0.499,0.0,0.0,0.0,0.0
11,5,0.8827266621589661,0.667,1.1383800929784775,0.644,2.296485662460327,0.919734001159668,0.39906686544418335,0.507
11,6,0.8200234818458557,0.6825,1.4172678634524345,0.6505,0.0,0.0,0.0,0.0
11,7,0.6922923807799816,0.7385,1.0188472604751586,0.6445,0.0,0.0,0.0,0.0
11,8,0.5526209293305874,0.7865,1.7034370964765548,0.6115,0.0,0.0,0.0,0.0
11,9,0.3398401367664337,0.888,0.5641705603897571,0.8135,0.0,0.0,0.0,0.0
11,10,0.3073405279219151,0.884,1.4740720534324645,0.716,1.298075556755066,0.8254157304763794,0.4269384443759918,0.503
11,11,0.23016938384622335,0.9255,5.88713061094284,0.459,0.0,0.0,0.0,0.0
11,12,0.23541575133800507,0.924,2.7705238562822343,0.5515,0.0,0.0,0.0,0.0
11,13,0.218999548535794,0.926,1.4050246089696885,0.708,0.0,0.0,0.0,0.0
11,14,0.14236311255022882,0.951,1.7108404767513274,0.624,0.0,0.0,0.0,0.0
11,15,0.3978107745945454,0.877,0.3901679776608944,0.8865,0.9299219250679016,0.9161624312400818,0.39085885882377625,0.7475
11,16,0.16039808701723815,0.9475,0.5414803989231587,0.842,0.0,0.0,0.0,0.0
11,17,0.08469717249274254,0.9695,1.7716073614358903,0.7075,0.0,0.0,0.0,0.0
11,18,0.04193665142171085,0.9895,0.9197299391031265,0.736,0.0,0.0,0.0,0.0
11,19,0.017692975490354,0.996,0.12713742808438838,0.949,0.0,0.0,0.0,0.0
11,20,0.010000924844644033,0.998,0.013939127654302864,0.997,0.39795151352882385,0.3653833568096161,0.15103471279144287,0.9395
11,21,0.003711000574985519,1.0,0.002106676881376188,1.0,0.0,0.0,0.0,0.0
11,22,0.0020655612606788054,1.0,0.001299721221148502,1.0,0.0,0.0,0.0,0.0
11,23,0.0023115913133369757,1.0,0.00128597683928092,1.0,0.0,0.0,0.0,0.0
11,24,0.0011153945347177796,1.0,0.0007182724103040527,1.0,0.0,0.0,0.0,0.0
11,25,0.0011220614933699835,1.0,0.0005094219504098873,1.0,0.28840890526771545,0.23845848441123962,0.11734338849782944,0.9895
11,26,0.0007849399221595377,1.0,0.0005100991371728014,1.0,0.0,0.0,0.0,0.0
11,27,0.000800314730295213,1.0,0.0003593397804070264,1.0,0.0,0.0,0.0,0.0
11,28,0.0005410959775326773,1.0,0.00034440499297488713,1.0,0.0,0.0,0.0,0.0
11,29,0.0006875940591999097,1.0,0.00034905394015368076,1.0,0.0,0.0,0.0,0.0
11,30,0.000498305787841673,1.0,0.00025501049400190824,1.0,0.26441678404808044,0.20451746881008148,0.10891053825616837,0.994
12,1,1.3573263835906983,0.463,8.88563013792038,0.219,0.0,0.0,0.0,0.0
12,2,1.2186952298879623,0.58,4.26298356294632,0.425,0.0,0.0,0.0,0.0
12,3,0.8929264912009239,0.676,0.9432337501645088,0.6775,0.0,0.0,0.0,0.0
12,4,0.6564740011096001,0.761,0.7851307332515717,0.7335,0.0,0.0,0.0,0.0
12,5,0.5721661823987961,0.799,0.6177311865985393,0.763,0.8825380206108093,0.35245421528816223,0.2508409917354584,0.8245
12,6,0.47006491422653196,0.831,0.3434330131858587,0.8845,0.0,0.0,0.0,0.0
12,7,0.39964974984526636,0.857,0.6085184210538864,0.8025,0.0,0.0,0.0,0.0
12,8,0.2994897673279047,0.8905,0.408876039981842,0.854,0.0,0.0,0.0,0.0
12,9,0.25032587952911856,0.911,0.633479301482439,0.7725,0.0,0.0,0.0,0.0
12,10,0.18701809145510195,0.94,0.5934085492044687,0.811,0.5098099112510681,0.40628039836883545,0.22278280556201935,0.747
12,11,0.1573795797303319,0.945,0.2291393195092678,0.913,0.0,0.0,0.0,0.0
12,12,0.16946072436869145,0.938,2.0553042632341385,0.6425,0.0,0.0,0.0,0.0
12,13,0.10285582097247242,0.9665,0.5394554327428341,0.8385,0.0,0.0,0.0,0.0
12,14,0.12801783185452223,0.9545,1.1486609518527984,0.7865,0.0,0.0,0.0,0.0
12,15,0.12949642850086093,0.958,0.08515745276585221,0.9715,0.4171975255012512,0.3375576138496399,0.16032667458057404,0.947
12,16,0.059811806064099075,0.9825,0.08569403419271111,0.972,0.0,0.0,0.0,0.0
12,17,0.04170419516973198,0.9885,0.07599078066647053,0.9755,0.0,0.0,0.0,0.0
12,18,0.018322548451833426,0.9955,0.04679925610311329,0.986,0.0,0.0,0.0,0.0
12,19,0.021111671859398485,0.994,0.33797129906713963,0.894,0.0,0.0,0.0,0.0
12,20,0.015323259928263723,0.9965,0.03089516022708267,0.9895,0.3602078855037689,0.21257485449314117,0.11237170547246933,0.9715
12,21,0.007763334533665329,0.9995,0.007137499541277066,0.999,0.0,0.0,0.0,0.0
12,22,0.004491816706722602,0.999,0.0025451531432918273,0.9995,0.0,0.0,0.0,0.0
12,23,0.01520571340690367,0.996,0.05272893837885931,0.9825,0.0,0.0,0.0,0.0
12,24,0.007560396128683351,0.9995,0.005597412531787995,1.0,0.0,0.0,0.0,0.0
12,25,0.01159796243533492,0.9975,0.0046049702225718645,0.999,0.31668829917907715,0.16857337951660156,0.1048029288649559,0.993
13,1,1.4358579802513123,0.4305,1.7144138997793197,0.3915,0.0,0.0,0.0,0.0
13,2,1.3946988934278488,0.4705,1.6229380822181703,0.444,0.0,0.0,0.0,0.0
13,3,1.2261645472049714,0.5265,1.4866095435619355,0.5125,0.0,0.0,0.0,0.0
13,4,1.0761161714792251,0.588,1.2162700417637824,0.5035,0.0,0.0,0.0,0.0
13,5,1.0361587452888488,0.616,0.9125277554988861,0.6565,2.659292697906494,0.4740498661994934,0.35365650057792664,0.659
13,6,0.9393377280235291,0.651,1.0156228962540625,0.606,0.0,0.0,0.0,0.0
13,7,0.7929451459646225,0.706,0.9635941249132156,0.626,0.0,0.0,0.0,0.0
13,8,0.7244374296069145,0.7395,0.8567606130242348,0.7045,0.0,0.0,0.0,0.0
13,9,0.7166793924570084,0.741,0.7588275054097176,0.719,0.0,0.0,0.0,0.0
13,10,0.4692263104021549,0.832,0.7007553011178971,0.7365,1.0539249181747437,0.4202965497970581,0.23383979499340057,0.7585
13,11,0.40968270398676393,0.8555,0.7209896552562713,0.7445,0.0,0.0,0.0,0.0
13,12,0.2799213791638613,0.904,0.29032739803195,0.8975,0.0,0.0,0.0,0.0
13,13,0.2271010222285986,0.921,1.540301625430584,0.677,0.0,0.0,0.0,0.0
13,14,0.26809762220829725,0.9035,2.137280828952789,0.6295,0.0,0.0,0.0,0.0
13,15,0.23923831000924112,0.9175,0.9322527495026588,0.77,0.6925005316734314,0.229862779378891,0.20860634744167328,0.72
13,16,0.12390851173549891,0.96,0.0881456090323627,0.9755,0.0,0.0,0.0,0.0
13,17,0.17893524965271354,0.9405,0.17710686258971692,0.9415,0.0,0.0,0.0,0.0
13,18,0.1623161818832159,0.942,1.9994263523817062,0.616,0.0,0.0,0.0,0.0
13,19,0.12321717665530742,0.955,0.41578155927360055,0.856,0.0,0.0,0.0,0.0
13,20,0.056400959831662476,0.9795,0.050590788929257544,0.985,0.44861355423927307,0.20503856241703033,0.13378243148326874,0.945
13,21,0.0661061314959079,0.977,0.1574590463936329,0.947,0.0,0.0,0.0,0.0
13,22,0.035928668351843954,0.9895,0.03561835022643209,0.99,0.0,0.0,0.0,0.0
13,23,0.016902071600197813,0.996,0.03225691138766706,0.992,0.0,0.0,0.0,0.0
13,24,0.006945432546781376,0.9995,0.028593328474089505,0.9925,0.0,0.0,0.0,0.0
13,25,0.01357332666986622,0.9965,0.005625609378912486,0.9995,0.36134499311447144,0.22222310304641724,0.11193525791168213,0.98
13,26,0.005877948443230707,0.9995,0.038877595433732495,0.9885,0.0,0.0,0.0,0.0
13,27,0.013194856236805209,0.9965,0.31528361976146696,0.921,0.0,0.0,0.0,0.0
13,28,0.03491838634130545,0.9925,0.025835004134569316,0.9925,0.0,0.0,0.0,0.0
13,29,0.011823660277295858,0.998,0.012919520208379253,0.9975,0.0,0.0,0.0,0.0
13,30,0.0037491245954879558,0.9995,0.0020309538778383283,1.0,0.33008047938346863,0.16370421648025513,0.09915437549352646,0.9895
13,31,0.0013975252921227365,1.0,0.0006281621426023775,1.0,0.0,0.0,0.0,0.0
13,32,0.000864651684241835,1.0,0.0004314252405310981,1.0,0.0,0.0,0.0,0.0
13,33,0.0012912949698511511,1.0,0.0004507452785037458,1.0,0.0,0.0,0.0,0.0
13,34,0.005918707655509934,0.9985,0.008452641229669098,0.9985,0.0,0.0,0.0,0.0
13,35,0.002552302530966699,1.0,0.000869301416532835,1.0,0.31079670786857605,0.20804831385612488,0.09490177780389786,0.993
14,1,1.2744640243053436,0.4915,2.822300047874451,0.448,0.0,0.0,0.0,0.0
14,2,1.2378132492303848,0.5505,1.298926549553871,0.5165,0.0,0.0,0.0,0.0
14,3,1.0252501222491264,0.6125,0.966016315817833,0.6305,0.0,0.0,0.0,0.0
14,4,0.9888113486766815,0.648,0.8517480075359345,0.688,0.0,0.0,0.0,0.0
14,5,0.8876731070876122,0.673,0.8694633176922798,0.689,3.3078296184539795,0.8528535962104797,0.5385040640830994,0.737
14,6,0.8488661926984787,0.684,0.8482286417484284,0.685,0.0,0.0,0.0,0.0
14,7,0.8014669024944305,0.695,1.0450345712900162,0.6485,0.0,0.0,0.0,0.0
14,8,0.7325695928931236,0.7345,0.6859010291099549,0.7565,0.0,0.0,0.0,0.0
14,9,0.6945443418622017,0.7455,0.7341181929409504,0.7365,0.0,0.0,0.0,0.0
14,10,0.6689998242259025,0.766,0.9238310244679451,0.6685,3.3564956188201904,1.1322095394134521,0.6617152690887451,0.541
14,11,0.6416472351551056,0.7705,0.650474795550108,0.7605,0.0,0.0,0.0,0.0
14,12,0.568657089471817,0.7955,0.9668158179521561,0.68,0.0,0.0,0.0,0.0
14,13,0.5918549424409867,0.784,0.5998789031803607,0.7845,0.0,0.0,0.0,0.0
14,14,0.5499358001351357,0.799,0.6266232404112816,0.7525,0.0,0.0,0.0,0.0
14,15,0.4216499738395214,0.857,0.6780927489697933,0.7675,1.9063705205917358,0.8917322754859924,0.5174922347068787,0.63
14,16,0.40942716762423514,0.8605,0.4176681649684906,0.8455,0.0,0.0,0.0,0.0
14,17,0.3653255422413349,0.875,0.3070791058987379,0.891,0.0,0.0,0.0,0.0
14,18,0.4926592707633972,0.8205,1.9217390215396881,0.622,0.0,0.0,0.0,0.0
14,19,0.377538737654686,0.878,0.636462741047144,0.7725,0.0,0.0,0.0,0.0
14,20,0.21194071684032678,0.93,0.2923881371319294,0.8885,0.9047531485557556,0.37391626834869385,0.24299576878547668,0.841
14,21,0.20110713467001914,0.9245,0.9175927817821503,0.7475,0.0,0.0,0.0,0.0
14,22,0.16542767256498336,0.942,0.1827323890477419,0.9375,0.0,0.0,0.0,0.0
14,23,0.12484986625611783,0.9555,0.15482277074828743,0.946,0.0,0.0,0.0,0.0
14,24,0.05415389054454863,0.9855,0.06918028859421611,0.978,0.0,0.0,0.0,0.0
14,25,0.07744608708657325,0.9755,0.1844654387794435,0.943,0.6702443957328796,0.2302774041891098,0.21775607764720917,0.8305
14,26,0.07909283072687685,0.9725,0.16087609423324467,0.943,0.0,0.0,0.0,0.0
14,27,0.05257663588039577,0.9865,0.08787163227796554,0.9695,0.0,0.0,0.0,0.0
14,28,0.03834176257252693,0.99,0.16720242163166404,0.965,0.0,0.0,0.0,0.0
14,29,0.0719514499977231,0.979,0.8710692538321019,0.8435,0.0,0.0,0.0,0.0
14,30,0.0473451690049842,0.985,0.04274629804771393,0.988,0.6497969031333923,0.2935667037963867,0.20384974777698517,0.936
14,31,0.043866069309879095,0.986,0.015587021689862013,0.9975,0.0,0.0,0.0,0.0
14,32,0.013901451698038726,0.997,0.013734788809088058,0.9965,0.0,0.0,0.0,0.0
14,33,0.011510931816883386,0.996,0.022792734545655547,0.994,0.0,0.0,0.0,0.0
14,34,0.012498213101353031,0.9965,0.033495360836386684,0.989,0.0,0.0,0.0,0.0
14,35,0.01137506393075455,0.997,0.04455105852335692,0.9845,0.40700218081474304,0.21528524160385132,0.1740756332874298,0.943
14,36,0.061107819946482775,0.981,0.10593693084083497,0.9635,0.0,0.0,0.0,0.0
14,37,0.044572071484290064,0.9855,0.1410213278979063,0.956,0.0,0.0,0.0,0.0
14,38,0.037644714219495654,0.991,0.06089087669737637,0.978,0.0,0.0,0.0,0.0
14,39,0.01419051471108105,0.998,0.003195147219230421,1.0,0.0,0.0,0.0,0.0
14,40,0.004073501947568729,0.9995,0.0013195740774972365,1.0,0.45484477281570435,0.1715504676103592,0.17373427748680115,0.9325
14,41,0.0018113435560371727,1.0,0.0008268135851540137,1.0,0.0,0.0,0.0,0.0
14,42,0.0011926161410519853,1.0,0.0005027082374726888,1.0,0.0,0.0,0.0,0.0
14,43,0.0008497653453378007,1.0,0.00039647945646720473,1.0,0.0,0.0,0.0,0.0
14,44,0.0007271513043087907,1.0,0.00033007998383254743,1.0,0.0,0.0,0.0,0.0
14,45,0.0012998585686727893,1.0,0.0007364560084897675,1.0,0.365646094083786,0.15640170872211456,0.17315976321697235,0.969
14,46,0.018249482894170797,0.995,0.023622360106091946,0.9915,0.0,0.0,0.0,0.0
14,47,0.13177736638113857,0.9605,0.6718591715395451,0.8505,0.0,0.0,0.0,0.0
14,48,0.12886786103248596,0.959,0.35753835521638394,0.898,0.0,0.0,0.0,0.0
14,49,0.20279580656439067,0.938,1.3445084276795387,0.7785,0.0,0.0,0.0,0.0
14,50,0.2737624303624034,0.922,0.3347760381363332,0.9145,1.027694582939148,0.3875575065612793,0.3012019693851471,0.69
14,51,0.14647962598130107,0.947,0.0799939420633018,0.9735,0.0,0.0,0.0,0.0
14,52,0.04506587079260498,0.9865,0.05781533465255052,0.9785,0.0,0.0,0.0,0.0
14,53,0.027580897607840597,0.993,0.01745176065247506,0.9955,0.0,0.0,0.0,0.0
14,54,0.015116824383148923,0.996,0.006304921585833654,0.999,0.0,0.0,0.0,0.0
14,55,0.015882552474504336,0.9945,0.0076155279309023174,0.999,0.5534656047821045,0.22687245905399323,0.21794019639492035,0.885
14,56,0.016078095706761816,0.997,0.010571820260956884,0.997,0.0,0.0,0.0,0.0
14,57,0.011066565673099832,0.997,0.0030605453689349815,0.9995,0.0,0.0,0.0,0.0
14,58,0.0075575403246330095,0.997,0.007017000353953335,0.999,0.0,0.0,0.0,0.0
14,59,0.0030807611577620265,0.999,0.0009866813919506966,1.0,0.0,0.0,0.0,0.0
14,60,0.004242216727143386,0.9995,0.0010498370487766807,1.0,0.4667048454284668,0.22074444591999054,0.19511839747428894,0.919
14,61,0.0027762352107674813,0.9995,0.002517573390432517,0.9995,0.0,0.0,0.0,0.0
14,62,0.06957973154843784,0.985,0.21641496572643518,0.9485,0.0,0.0,0.0,0.0
14,63,0.027896424270002173,0.99,0.016963586009806023,0.9945,0.0,0.0,0.0,0.0
14,64,0.012508460959652438,0.995,0.02350846984423697,0.9945,0.0,0.0,0.0,0.0
14,65,0.0049890694583882575,0.999,0.0011519404970022152,1.0,0.43501242995262146,0.18131572008132935,0.18411785364151,0.9385
14,66,0.0030497922089125495,1.0,0.0010822835493308957,1.0,0.0,0.0,0.0,0.0
14,67,0.0029657927143853157,0.9995,0.0012976789669482968,1.0,0.0,0.0,0.0,0.0
14,68,0.005089951223344542,0.9985,0.001081556656572502,1.0,0.0,0.0,0.0,0.0
14,69,0.002871526283270214,0.999,0.0019808606384322048,1.0,0.0,0.0,0.0,0.0
14,70,0.0012045509512245188,1.0,0.00028547257443278795,1.0,0.3862869441509247,0.186897411942482,0.1847434937953949,0.945
14,71,0.0011403100927418564,1.0,0.00023066557218044182,1.0,0.0,0.0,0.0,0.0
14,72,0.0017933638184331358,1.0,0.00028793499051971594,1.0,0.0,0.0,0.0,0.0
14,73,0.001014326991571579,1.0,0.000246883208892541,1.0,0.0,0.0,0.0,0.0
14,74,0.0007455795165878953,1.0,0.0001427774327021325,1.0,0.0,0.0,0.0,0.0
14,75,0.0011179651496786391,1.0,0.00030994118336820977,1.0,0.37256333231925964,0.15323138236999512,0.18377862870693207,0.95
14,76,0.00174044966333895,0.9995,0.0002598772177225328,1.0,0.0,0.0,0.0,0.0
14,77,0.0003382201094791526,1.0,0.00015469316793314646,1.0,0.0,0.0,0.0,0.0
14,78,0.0003351970499352319,1.0,0.00012174835703262943,1.0,0.0,0.0,0.0,0.0
14,79,0.00026746304307380343,1.0,0.00010216651409791666,1.0,0.0,0.0,0.0,0.0
14,80,0.0001873887176407152,1.0,0.0001005735401668062,1.0,0.35308128595352173,0.1565277874469757,0.18146322667598724,0.954
14,81,0.0003034944086903124,1.0,9.02697819583409e-05,1.0,0.0,0.0,0.0,0.0
14,82,0.0003151950209939969,1.0,0.0001928847890576435,1.0,0.0,0.0,0.0,0.0
14,83,0.00047082089049581554,1.0,0.000101287741890701,1.0,0.0,0.0,0.0,0.0
14,84,0.0004376395653525833,1.0,8.935167194067617e-05,1.0,0.0,0.0,0.0,0.0
14,85,0.00035536542240151905,1.0,0.00011926879946258851,1.0,0.3470059335231781,0.15902897715568542,0.17788922786712646,0.958
14,86,0.0003810329559200909,1.0,8.462295894787531e-05,1.0,0.0,0.0,0.0,0.0
14,87,0.0005063998431069194,1.0,0.00011316998416077695,1.0,0.0,0.0,0.0,0.0
14,88,0.00640664116559492,0.999,0.008101801172379054,0.9985,0.0,0.0,0.0,0.0
14,89,0.004859535632349434,0.9995,0.0003923371946439147,1.0,0.0,0.0,0.0,0.0
14,90,0.0008203409359339275,1.0,0.00015345735338087252,1.0,0.3784337639808655,0.15713784098625183,0.1703367680311203,0.951
14,91,0.000449535093139275,1.0,0.00012146473929533386,1.0,0.0,0.0,0.0,0.0
14,92,0.0006225065955004538,1.0,0.0001390345411346061,1.0,0.0,0.0,0.0,0.0
14,93,0.0027933277570991776,0.9995,0.00020112297435844083,1.0,0.0,0.0,0.0,0.0
14,94,0.026668258625868475,0.993,0.06203478569397703,0.981,0.0,0.0,0.0,0.0
14,95,0.01170721463378868,0.9965,0.06790282187459525,0.9805,0.5427846312522888,0.20942047238349915,0.19881492853164673,0.872
14,96,0.005370882266724948,0.9985,0.0013324768633174245,1.0,0.0,0.0,0.0,0.0
14,97,0.003450457047438249,0.9995,0.0005663728879881091,1.0,0.0,0.0,0.0,0.0
14,98,0.0017293972797779134,0.9995,0.00034208639661301274,1.0,0.0,0.0,0.0,0.0
14,99,0.0008022642895230092,1.0,0.0002868245470745023,1.0,0.0,0.0,0.0,0.0
14,100,0.000338893451335025,1.0,0.00016415448768384523,1.0,0.4162212014198303,0.16021567583084106,0.1771213263273239,0.9395
15,1,1.481808311343193,0.416,3.061778141260147,0.3985,0.0,0.0,0.0,0.0
15,2,1.2690431702136993,0.524,1.2966929417848587,0.5525,0.0,0.0,0.0,0.0
15,3,1.1079916274547577,0.584,0.9599871027469635,0.6305,0.0,0.0,0.0,0.0
15,4,1.0008809465169906,0.6065,0.8781733065843582,0.671,0.0,0.0,0.0,0.0
15,5,0.8738440784811974,0.6785,0.7822525292634964,0.7155,2.176323652267456,0.5137431621551514,0.37619635462760925,0.6875
15,6,0.8778674432635307,0.684,1.3956213641166686,0.5815,0.0,0.0,0.0,0.0
15,7,0.7831750351190567,0.716,0.7685000556707382,0.6985,0.0,0.0,0.0,0.0
15,8,0.6471496196091175,0.7595,0.6154429081082344,0.7795,0.0,0.0,0.0,0.0
15,9,0.566345194876194,0.801,0.5669159381091595,0.8005,0.0,0.0,0.0,0.0
15,10,0.45556270122528075,0.841,0.4970993649959564,0.8145,1.1348657608032227,0.435184508562088,0.29562169313430786,0.687
15,11,0.3953305111080408,0.8575,0.44617150619626045,0.8445,0.0,0.0,0.0,0.0
15,12,0.3709249445050955,0.862,0.4257925607264042,0.8335,0.0,0.0,0.0,0.0
15,13,0.3795284598320723,0.852,0.4166529552638531,0.8465,0.0,0.0,0.0,0.0
15,14,0.23491376273334028,0.9215,0.22340195965021847,0.9185,0.0,0.0,0.0,0.0
15,15,0.2136378286778927,0.9205,0.33382480531930925,0.8705,0.7421665191650391,0.41375547647476196,0.27900683879852295,0.7425
15,16,0.17063065897673368,0.936,0.8194760036468506,0.714,0.0,0.0,0.0,0.0
15,17,0.09662316182628274,0.967,0.19560596350580453,0.939,0.0,0.0,0.0,0.0
15,18,0.05098690334707499,0.9845,0.043245880375616254,0.9885,0.0,0.0,0.0,0.0
15,19,0.049570725201629105,0.9855,0.06922662880271674,0.976,0.0,0.0,0.0,0.0
15,20,0.037707230574451384,0.987,0.2791818980127573,0.899,0.4818427562713623,0.26416364312171936,0.15116897225379944,0.857
15,21,0.020617089204024525,0.9975,0.04406346091534943,0.986,0.0,0.0,0.0,0.0
15,22,0.007087078940239735,0.999,0.005738045099424199,0.9995,0.0,0.0,0.0,0.0
15,23,0.003230237510288134,1.0,0.0015219945611897857,1.0,0.0,0.0,0.0,0.0
15,24,0.00349691997806076,1.0,0.0020216618073754943,1.0,0.0,0.0,0.0,0.0
15,25,0.002622759621881414,1.0,0.0010168025284656324,1.0,0.2712656855583191,0.212429016828537,0.13321492075920105,0.992
16,1,1.2843024623394013,0.502,4.763423171043396,0.3385,0.0,0.0,0.0,0.0
16,2,1.0368478959798813,0.622,1.9066381067037583,0.577,0.0,0.0,0.0,0.0
16,3,0.8918362227082253,0.6705,3.1335881364345552,0.4225,0.0,0.0,0.0,0.0
16,4,0.6695709645748138,0.7555,0.7302699175477028,0.7365,0.0,0.0,0.0,0.0
16,5,0.5577306260168552,0.804,0.9165122005343437,0.7115,0.9488938450813293,0.5080620050430298,0.37328213453292847,0.726
16,6,0.5539296823740005,0.801,0.8554622876644135,0.686,0.0,0.0,0.0,0.0
16,7,0.555658390969038,0.8105,1.2284458541870118,0.727,0.0,0.0,0.0,0.0
16,8,0.4733105082809925,0.8365,0.7332271584868431,0.7515,0.0,0.0,0.0,0.0
16,9,0.3613657046109438,0.88,0.848336473107338,0.748,0.0,0.0,0.0,0.0
16,10,0.22562151677906514,0.92,0.5441638842225075,0.8175,0.5205963253974915,0.4257727563381195,0.2637748420238495,0.7625
16,11,0.1626389193162322,0.946,0.158283063583076,0.9415,0.0,0.0,0.0,0.0
16,12,0.1466736425086856,0.9445,1.9041959896683693,0.736,0.0,0.0,0.0,0.0
16,13,0.15863586073741318,0.951,0.1444308329746127,0.9495,0.0,0.0,0.0,0.0
16,14,0.07115209732204676,0.9785,0.08214773187413811,0.9775,0.0,0.0,0.0,0.0
16,15,0.04124612636398524,0.9885,0.022388385394588112,0.9955,0.3479103446006775,0.3720014691352844,0.20175223052501678,0.9445
16,16,0.031773864040151235,0.993,0.1203110365755856,0.9635,0.0,0.0,0.0,0.0
16,17,0.017196576790884138,0.997,0.010573049158556386,0.9985,0.0,0.0,0.0,0.0
16,18,0.01917666008928791,0.994,0.294084231518209,0.9255,0.0,0.0,0.0,0.0
16,19,0.017641532841371373,0.9955,0.18527066860347985,0.9345,0.0,0.0,0.0,0.0
16,20,0.017081584504339845,0.995,0.054108247142285106,0.985,0.316964715719223,0.31297457218170166,0.16952891647815704,0.9675
16,21,0.057751245684921744,0.9835,2.12085717856884,0.708,0.0,0.0,0.0,0.0
16,22,0.04161629649112001,0.989,0.10598779115825892,0.967,0.0,0.0,0.0,0.0
16,23,0.08026957551017404,0.974,0.7244860929250717,0.8315,0.0,0.0,0.0,0.0
16,24,0.11120869820006192,0.963,0.09967439553700387,0.963,0.0,0.0,0.0,0.0
16,25,0.11957632067613304,0.957,0.21334399355575442,0.928,0.3924993872642517,0.34217047691345215,0.22461481392383575,0.8965
16,26,0.2490210747346282,0.92,1.0826098573207856,0.8125,0.0,0.0,0.0,0.0
16,27,0.1256112066283822,0.9565,0.5467989501357079,0.838,0.0,0.0,0.0,0.0
16,28,0.08216728764586151,0.972,0.5935025069117547,0.887,0.0,0.0,0.0,0.0
16,29,0.05427387525094673,0.9785,0.01374242938210955,0.997,0.0,0.0,0.0,0.0
16,30,0.03683772981283255,0.986,0.055367316212505104,0.976,0.3229466378688812,0.36638525128364563,0.19273069500923157,0.9275
16,31,0.012766393884667195,0.9965,0.004807334404322319,0.9995,0.0,0.0,0.0,0.0
16,32,0.004687081253214273,0.999,0.0013617070807958953,1.0,0.0,0.0,0.0,0.0
16,33,0.0022073531901696695,0.9995,0.0008750804298324511,1.0,0.0,0.0,0.0,0.0
16,34,0.001457395644247299,1.0,0.00041524736712744925,1.0,0.0,0.0,0.0,0.0
16,35,0.0008447384777537082,1.0,0.0003688253062136937,1.0,0.248190239071846,0.27836498618125916,0.1571168452501297,0.9885
16,36,0.0006644975794188213,1.0,0.0003542764302255819,1.0,0.0,0.0,0.0,0.0
16,37,0.0005834370539378142,1.0,0.00023088502373866504,1.0,0.0,0.0,0.0,0.0
16,38,0.0006778097824280849,1.0,0.00023139180048019624,1.0,0.0,0.0,0.0,0.0
16,39,0.00033375727201928384,1.0,0.00019803007729933596,1.0,0.0,0.0,0.0,0.0
16,40,0.0007077063156975782,1.0,0.00028688575144769857,1.0,0.24439091980457306,0.2558135688304901,0.15298627316951752,0.987
16,41,0.0045540081380750054,0.999,0.0087637409043964,0.9965,0.0,0.0,0.0,0.0
16,42,0.0016908080888970289,1.0,0.0006995239769457839,1.0,0.0,0.0,0.0,0.0
16,43,0.000883921052882215,1.0,0.00023285890187253245,1.0,0.0,0.0,0.0,0.0
16,44,0.0004252434958470985,1.0,0.00017305395213043084,1.0,0.0,0.0,0.0,0.0
16,45,0.00031364314410893714,1.0,0.00014230124943424017,1.0,0.2341012954711914,0.2292463779449463,0.1472751498222351,0.9915
17,1,1.339719736278057,0.5165,3.7864870691299437,0.387,0.0,0.0,0.0,0.0
17,2,1.0148076313734053,0.6275,1.1624039056897164,0.585,0.0,0.0,0.0,0.0
17,3,0.7927777940034866,0.725,0.8099057966470719,0.695,0.0,0.0,0.0,0.0
17,4,0.6942834517359734,0.745,0.7658523927628994,0.756,0.0,0.0,0.0,0.0
17,5,0.6528517377376556,0.781,0.5451215463876724,0.7985,1.006566047668457,0.4585679769515991,0.31878194212913513,0.834
17,6,0.5984373228251934,0.786,0.8207754641771317,0.7385,0.0,0.0,0.0,0.0
17,7,0.559733313024044,0.793,1.1137666076421737,0.6745,0.0,0.0,0.0,0.0
17,8,0.5545064663887024,0.8,0.8406536087393761,0.695,0.0,0.0,0.0,0.0
17,9,0.5281884780526162,0.8185,0.5841844794154167,0.774,0.0,0.0,0.0,0.0
17,10,0.385635332018137,0.8595,0.4196687529981136,0.8355,0.6875009536743164,0.3828011453151703,0.2272438108921051,0.883
17,11,0.3177401451766491,0.8835,0.28718321055173873,0.898,0.0,0.0,0.0,0.0
17,12,0.29280469968914985,0.8865,0.29132182739675044,0.9,0.0,0.0,0.0,0.0
17,13,0.21360246501863003,0.927,0.38581644102931023,0.8585,0.0,0.0,0.0,0.0
17,14,0.2611717068403959,0.9065,0.3628112931549549,0.8665,0.0,0.0,0.0,0.0
17,15,0.20922258879989386,0.93,0.3373880398273468,0.886,0.5119621157646179,0.6151717901229858,0.24854226410388947,0.8305
17,16,0.2362504791840911,0.9205,0.1882151010259986,0.932,0.0,0.0,0.0,0.0
17,17,0.1707121054083109,0.946,0.22199016289785503,0.9225,0.0,0.0,0.0,0.0
17,18,0.08511402564123273,0.971,0.2745072180405259,0.9265,0.0,0.0,0.0,0.0
17,19,0.10640624964609742,0.9595,0.04694714054465294,0.991,0.0,0.0,0.0,0.0
17,20,0.06085368319414556,0.981,0.05437253206036985,0.984,0.3577912747859955,0.2474098950624466,0.15313966572284698,0.965
17,21,0.04467878133524209,0.9875,0.0802219302020967,0.973,0.0,0.0,0.0,0.0
17,22,0.02919183635385707,0.991,0.021663025303278117,0.9945,0.0,0.0,0.0,0.0
17,23,0.01866984855150804,0.995,0.01085839764913544,0.999,0.0,0.0,0.0,0.0
17,24,0.05118614031234756,0.9805,0.057576025235466656,0.9795,0.0,0.0,0.0,0.0
17,25,0.023976618817541748,0.9945,0.013545512264827267,0.9965,0.3006361722946167,0.22269344329833984,0.13995225727558136,0.987
17,26,0.025830502891913056,0.9915,0.4211789006739855,0.878,0.0,0.0,0.0,0.0
17,27,0.08145800362806767,0.972,0.18821430889889598,0.9435,0.0,0.0,0.0,0.0
17,28,0.106577257104218,0.9635,0.10486763786524535,0.965,0.0,0.0,0.0,0.0
17,29,0.05213953258004039,0.986,0.03761623791884631,0.987,0.0,0.0,0.0,0.0
17,30,0.1022552517335862,0.969,0.2641667103022337,0.899,0.3544149100780487,0.2747875452041626,0.1816330999135971,0.8945
17,31,0.06113111729733646,0.976,0.04075761754531413,0.987,0.0,0.0,0.0,0.0
17,32,0.044750062408857046,0.986,0.08027300515212119,0.9715,0.0,0.0,0.0,0.0
17,33,0.02911640933714807,0.9915,0.03826826736330986,0.9885,0.0,0.0,0.0,0.0
17,34,0.027648186350706965,0.9925,0.06647150981239974,0.9755,0.0,0.0,0.0,0.0
17,35,0.00962037738005165,0.9975,0.002805679580196738,1.0,0.278005450963974,0.21236161887645721,0.13783033192157745,0.9915
18,1,1.2105972722172738,0.5265,2.1563334786891937,0.4695,0.0,0.0,0.0,0.0
18,2,0.9524363121390342,0.635,0.9097241440415382,0.6815,0.0,0.0,0.0,0.0
18,3,0.9087427970767021,0.6495,1.7899849796295166,0.561,0.0,0.0,0.0,0.0
18,4,0.6920872920751572,0.737,0.7309699001908302,0.719,0.0,0.0,0.0,0.0
18,5,0.7129704940319062,0.734,0.62483338534832,0.7735,1.7877922058105469,0.8279802203178406,0.49298936128616333,0.7975
18,6,0.6111832270026207,0.7855,0.6109247335791588,0.7905,0.0,0.0,0.0,0.0
18,7,0.574287020266056,0.7875,0.9299651265144349,0.645,0.0,0.0,0.0,0.0
18,8,0.58690688803792,0.788,0.8471941900253296,0.706,0.0,0.0,0.0,0.0
18,9,0.5036140939593315,0.82,0.6525393621623516,0.76,0.0,0.0,0.0,0.0
18,10,0.48123427540063857,0.8305,0.5062642949819565,0.8075,1.5123591423034668,0.8529406785964966,0.5014957189559937,0.763
18,11,0.40157449573278425,0.8495,0.46686941631138323,0.8365,0.0,0.0,0.0,0.0
18,12,0.34595126286149025,0.884,0.34888114750385285,0.865,0.0,0.0,0.0,0.0
18,13,0.29986523881554605,0.889,0.31265181973576545,0.8955,0.0,0.0,0.0,0.0
18,14,0.2469802261888981,0.917,0.4807534960657358,0.813,0.0,0.0,0.0,0.0
18,15,0.2424436691775918,0.917,0.24995709620416165,0.9125,1.3548177480697632,0.5915903449058533,0.36516842246055603,0.8285
18,16,0.15975698415189982,0.9485,0.1973522111028433,0.9345,0.0,0.0,0.0,0.0
18,17,0.13258361365646124,0.9615,0.10112664436921477,0.975,0.0,0.0,0.0,0.0
18,18,0.08623816771432757,0.976,0.05487206671386957,0.988,0.0,0.0,0.0,0.0
18,19,0.11078102920204401,0.9615,0.6555443641543388,0.8165,0.0,0.0,0.0,0.0
18,20,0.09194296864792705,0.9725,0.19816998563706875,0.926,0.7226201891899109,0.3994791507720947,0.2552433907985687,0.841
18,21,0.03910720143932849,0.99,0.07292311695404351,0.9725,0.0,0.0,0.0,0.0
18,22,0.04173870297148824,0.9895,0.2653427442163229,0.9125,0.0,0.0,0.0,0.0
18,23,0.13906209863722324,0.957,0.3614632488414645,0.887,0.0,0.0,0.0,0.0
18,24,0.10895762071013451,0.9615,1.0586522400379181,0.7455,0.0,0.0,0.0,0.0
18,25,0.06118534035049379,0.9815,0.04497593196574599,0.988,0.5822860598564148,0.3841955065727234,0.22062614560127258,0.9265
18,26,0.02112477020476945,0.996,0.014081446524942294,0.997,0.0,0.0,0.0,0.0
18,27,0.06760829351376742,0.976,0.07449607217684388,0.975,0.0,0.0,0.0,0.0
18,28,0.08672363890334964,0.9745,0.14714082270860673,0.9475,0.0,0.0,0.0,0.0
18,29,0.08024959561880678,0.9725,0.41279608830809594,0.9015,0.0,0.0,0.0,0.0
18,30,0.030004180661053398,0.994,0.013298592590726912,0.998,0.4835669994354248,0.32409924268722534,0.20958328247070312,0.9445
18,31,0.009649443597299977,0.9965,0.0030418711685342714,1.0,0.0,0.0,0.0,0.0
18,32,0.004595957864657976,0.999,0.002061737013864331,1.0,0.0,0.0,0.0,0.0
18,33,0.004643273495021276,0.999,0.020195216641295703,0.996,0.0,0.0,0.0,0.0
18,34,0.00295422423776472,0.9995,0.0014275286777410657,1.0,0.0,0.0,0.0,0.0
18,35,0.0024454278146731666,1.0,0.0007901969821250532,1.0,0.400219202041626,0.2805774509906769,0.17001484334468842,0.9745
18,36,0.0013695154995366466,1.0,0.0006133023119764403,1.0,0.0,0.0,0.0,0.0
18,37,0.0010797171006561258,1.0,0.000522241349099204,1.0,0.0,0.0,0.0,0.0
18,38,0.0009792338609986473,1.0,0.00040498132024367804,1.0,0.0,0.0,0.0,0.0
18,39,0.0006313827105623205,1.0,0.0003005496355035575,1.0,0.0,0.0,0.0,0.0
18,40,0.0006503569708002033,1.0,0.00026294110633898524,1.0,0.3476350009441376,0.2880162000656128,0.16489118337631226,0.9795
18,41,0.0005394324520602823,1.0,0.00024371057872485836,1.0,0.0,0.0,0.0,0.0
18,42,0.0026681400904635666,0.999,0.11407540884800255,0.9615,0.0,0.0,0.0,0.0
18,43,0.12380928957543802,0.964,2.6465896117687224,0.6325,0.0,0.0,0.0,0.0
18,44,0.1431171002611518,0.9485,0.2967866728454828,0.905,0.0,0.0,0.0,0.0
18,45,0.0844065493508242,0.9685,0.11020346493460238,0.965,0.5734001994132996,0.35275352001190186,0.22279667854309082,0.9005
18,46,0.028559894840582273,0.9925,0.033864658999955284,0.9885,0.0,0.0,0.0,0.0
18,47,0.00987260197289288,0.9975,0.004327742015302647,0.9985,0.0,0.0,0.0,0.0
18,48,0.006341707591782324,0.998,0.002449851495330222,1.0,0.0,0.0,0.0,0.0
18,49,0.0106210373446811,0.9975,0.003928345953172538,1.0,0.0,0.0,0.0,0.0
18,50,0.005405534598394297,0.999,0.00910968218697235,0.9985,0.4171345829963684,0.30000945925712585,0.19037899374961853,0.9645
18,51,0.003042428798216861,0.9995,0.001669769927248126,1.0,0.0,0.0,0.0,0.0
18,52,0.0021467320878582542,1.0,0.0007763211107521783,1.0,0.0,0.0,0.0,0.0
18,53,0.0010015837689570618,1.0,0.0005082214153662789,1.0,0.0,0.0,0.0,0.0
18,54,0.0007411788819445065,1.0,0.00036033626362041104,1.0,0.0,0.0,0.0,0.0
18,55,0.0005982401937944814,1.0,0.000261922169738682,1.0,0.36405274271965027,0.3010919988155365,0.174849271774292,0.9755
18,56,0.001191722046933137,1.0,0.00027053529644035737,1.0,0.0,0.0,0.0,0.0
18,57,0.0003958327038708376,1.0,0.00021229604175459826,1.0,0.0,0.0,0.0,0.0
18,58,0.00044271101680351424,1.0,0.00017830724700615975,1.0,0.0,0.0,0.0,0.0
18,59,0.0005075032151216874,1.0,0.00015003408665506868,1.0,0.0,0.0,0.0,0.0
18,60,0.0003902594683313509,1.0,0.0001730612352366734,1.0,0.32569098472595215,0.2821969985961914,0.16385753452777863,0.981
18,61,0.00027119182741444094,1.0,0.0001362550955673214,1.0,0.0,0.0,0.0,0.0
18,62,0.00033473539693659407,1.0,0.00013088830975902966,1.0,0.0,0.0,0.0,0.0
18,63,0.0002497577963731601,1.0,0.00011115003047962091,1.0,0.0,0.0,0.0,0.0
18,64,0.0002950981568210409,1.0,0.000118340154276666,1.0,0.0,0.0,0.0,0.0
18,65,0.0002621167318284279,1.0,0.00011493983616674086,1.0,0.30597320199012756,0.2724965810775757,0.15727877616882324,0.9865
18,66,0.0002556467287831765,1.0,8.896498478861758e-05,1.0,0.0,0.0,0.0,0.0
18,67,0.00027040571465477116,1.0,8.635485302875167e-05,1.0,0.0,0.0,0.0,0.0
18,68,0.00042571191792376337,1.0,9.072018539882265e-05,1.0,0.0,0.0,0.0,0.0
18,69,0.0002669449836685089,1.0,7.748193054794683e-05,1.0,0.0,0.0,0.0,0.0
18,70,0.0006502350885784835,1.0,0.00015381743120087776,1.0,0.3040253818035126,0.26318833231925964,0.15378955006599426,0.991
19,1,1.3551761353015899,0.4635,4.399221097230911,0.2915,0.0,0.0,0.0,0.0
19,2,1.3225464150309563,0.517,1.4200352340936662,0.565,0.0,0.0,0.0,0.0
19,3,1.1427053344249725,0.5725,0.9845441645383834,0.5825,0.0,0.0,0.0,0.0
19,4,1.043709357380867,0.611,0.9697691535949707,0.63,0.0,0.0,0.0,0.0
19,5,0.7881083482503891,0.708,1.3569917458295822,0.587,2.685194730758667,0.57489013671875,0.43620583415031433,0.6445
19,6,0.7536729222536087,0.7085,0.7414366507530212,0.7165,0.0,0.0,0.0,0.0
19,7,0.718071984052658,0.7185,0.662213290631771,0.7415,0.0,0.0,0.0,0.0
19,8,0.6766951142251492,0.732,0.9947824379801751,0.639,0.0,0.0,0.0,0.0
19,9,0.5989846153557301,0.7665,0.8724574610590935,0.719,0.0,0.0,0.0,0.0
19,10,0.45845531970262526,0.8325,0.4336689256131649,0.823,0.9412238001823425,0.7612026929855347,0.4191766679286957,0.748
19,11,0.3933518847078085,0.859,0.8067010182142258,0.731,0.0,0.0,0.0,0.0
19,12,0.43390056267380717,0.8385,0.9258329430222512,0.7055,0.0,0.0,0.0,0.0
19,13,0.28451209880411626,0.898,0.2569812694936991,0.9045,0.0,0.0,0.0,0.0
19,14,0.23697527959942818,0.9105,0.47626423731446266,0.822,0.0,0.0,0.0,0.0
19,15,0.18316778272390366,0.9355,0.46168097347021103,0.8495,0.5846135020256042,0.8167665004730225,0.4035128653049469,0.7565
19,16,0.14488005006685853,0.9485,0.22981743194162846,0.922,0.0,0.0,0.0,0.0
19,17,0.11309387534856796,0.9585,0.08277619725093245,0.97,0.0,0.0,0.0,0.0
19,18,0.10430281206965447,0.964,0.10683147615753114,0.9575,0.0,0.0,0.0,0.0
19,19,0.12060848890803755,0.962,0.1446142851933837,0.9465,0.0,0.0,0.0,0.0
19,20,0.0941647932678461,0.9655,0.5021788453310728,0.88,0.5332974791526794,0.6362566351890564,0.319854736328125,0.8415
19,21,0.2204118086025119,0.923,0.9304584413766861,0.7025,0.0,0.0,0.0,0.0
19,22,0.08253846824169159,0.973,0.07724107866175473,0.9795,0.0,0.0,0.0,0.0
19,23,0.03590807417873293,0.9915,0.06058655831962824,0.978,0.0,0.0,0.0,0.0
19,24,0.08638963979668915,0.968,1.6296559756994247,0.796,0.0,0.0,0.0,0.0
19,25,0.0801117785088718,0.97,0.1934677743166685,0.93,0.3902858793735504,0.38082000613212585,0.237817645072937,0.9
19,26,0.034861799927894024,0.991,0.06570431736297905,0.978,0.0,0.0,0.0,0.0
19,27,0.012935969083337114,0.9975,0.029358557960949837,0.992,0.0,0.0,0.0,0.0
19,28,0.007147758607752621,0.999,0.019570958393160254,0.9935,0.0,0.0,0.0,0.0
19,29,0.0032572764111682773,1.0,0.002510298297856934,1.0,0.0,0.0,0.0,0.0
19,30,0.0019425041566137225,1.0,0.0008292072707263287,1.0,0.23499543964862823,0.30124974250793457,0.16280341148376465,0.988
19,31,0.0010521344865264837,1.0,0.0005858621228253469,1.0,0.0,0.0,0.0,0.0
19,32,0.0019088872500287834,1.0,0.0007333773009304422,1.0,0.0,0.0,0.0,0.0
19,33,0.0013011669916159008,1.0,0.0004909701454016613,1.0,0.0,0.0,0.0,0.0
19,34,0.0007767788090859539,1.0,0.00037489852198632436,1.0,0.0,0.0,0.0,0.0
19,35,0.0009385522885713726,1.0,0.00036334059535874985,1.0,0.21734599769115448,0.294101744890213,0.15350735187530518,0.992
20,1,1.502912741303444,0.429,1.530184210538864,0.4145,0.0,0.0,0.0,0.0
20,2,1.268580814898014,0.5235,1.1608925768733025,0.5535,0.0,0.0,0.0,0.0
20,3,1.0704124507308006,0.5935,0.9440761253237724,0.649,0.0,0.0,0.0,0.0
20,4,1.0533018854260445,0.6095,1.1428300094604493,0.593,0.0,0.0,0.0,0.0
20,5,0.9095185601711273,0.647,1.0429404532909394,0.625,3.1695244312286377,0.7113504409790039,0.407269686460495,0.608
20,6,0.7447633323073387,0.731,2.900784600377083,0.4835,0.0,0.0,0.0,0.0
20,7,0.7764686048030853,0.7005,0.7355954883992672,0.72,0.0,0.0,0.0,0.0
20,8,0.6475130975246429,0.762,0.5094909150898457,0.811,0.0,0.0,0.0,0.0
20,9,0.5628423418104649,0.79,0.763062157034874,0.7405,0.0,0.0,0.0,0.0
20,10,0.4802659229934216,0.8255,0.43845384746789934,0.837,1.2444219589233398,0.43868717551231384,0.28130844235420227,0.7435
20,11,0.37918673262000085,0.8645,0.5515357312560082,0.807,0.0,0.0,0.0,0.0
20,12,0.27490736968815327,0.9045,0.295558230355382,0.891,0.0,0.0,0.0,0.0
20,13,0.27447226114571094,0.905,0.9180257129669189,0.7165,0.0,0.0,0.0,0.0
20,14,0.23792762026190759,0.9155,0.3845642960816622,0.8585,0.0,0.0,0.0,0.0
20,15,0.24638387851417065,0.911,0.2733135703206062,0.899,1.2614021301269531,0.32867518067359924,0.29520919919013977,0.735
20,16,0.1434636978432536,0.9545,1.0029430037736893,0.754,0.0,0.0,0.0,0.0
20,17,0.12439618032425642,0.958,0.959151820242405,0.806,0.0,0.0,0.0,0.0
20,18,0.0789391346462071,0.9745,0.06664487242233008,0.9805,0.0,0.0,0.0,0.0
20,19,0.0534719177056104,0.9835,0.1302135952375829,0.955,0.0,0.0,0.0,0.0
20,20,0.036290148794651034,0.9895,0.04339860629057512,0.989,0.5312598347663879,0.2899394631385803,0.16135399043560028,0.9185
20,21,0.035549084902741016,0.9885,0.01299328545690514,0.9975,0.0,0.0,0.0,0.0
20,22,0.015393915622262284,0.996,0.0057120202475925905,0.9995,0.0,0.0,0.0,0.0
20,23,0.004153030776651576,1.0,0.0015995991192176006,1.0,0.0,0.0,0.0,0.0
20,24,0.0029083773936145006,0.9995,0.0038805075688287615,1.0,0.0,0.0,0.0,0.0
20,25,0.03505360909737647,0.988,0.015784360049292446,0.997,0.5707945823669434,0.23258565366268158,0.17719826102256775,0.8845
20,26,0.016607652024831623,0.995,0.013659275145037099,0.998,0.0,0.0,0.0,0.0
20,27,0.011739190625958145,0.9985,0.0044168129505123945,0.9995,0.0,0.0,0.0,0.0
20,28,0.010056992113240994,0.9985,0.0024886505893664435,1.0,0.0,0.0,0.0,0.0
20,29,0.05606383020756766,0.9835,0.23680166069418193,0.932,0.0,0.0,0.0,0.0
20,30,0.05652327979449183,0.983,0.14593525847420097,0.9505,0.4921689033508301,0.25094810128211975,0.17522798478603363,0.8815
20,31,0.05774074483662844,0.982,0.7157306540012359,0.8235,0.0,0.0,0.0,0.0
20,32,0.04926772443577647,0.9825,0.14581619694828987,0.9455,0.0,0.0,0.0,0.0
20,33,0.10399145314469933,0.969,0.17292671324685216,0.939,0.0,0.0,0.0,0.0
20,34,0.07352418933995068,0.9745,0.8307766841351986,0.855,0.0,0.0,0.0,0.0
20,35,0.05129354592179879,0.9815,0.11290094304829836,0.958,0.45635539293289185,0.2427280694246292,0.18099576234817505,0.8995
20,36,0.025009037335403262,0.993,0.014711383519461378,0.9965,0.0,0.0,0.0,0.0
20,37,0.016140141159994528,0.995,0.09027284266427159,0.9655,0.0,0.0,0.0,0.0
20,38,0.04027781532146037,0.989,0.03601762330392375,0.988,0.0,0.0,0.0,0.0
20,39,0.026395571432076395,0.993,0.05751111590303481,0.984,0.0,0.0,0.0,0.0
20,40,0.010308554485091008,0.997,0.014884561836952344,0.996,0.4089937210083008,0.2524300515651703,0.16129940748214722,0.9475
20,41,0.012887599107052665,0.9965,0.00668248301546555,1.0,0.0,0.0,0.0,0.0
20,42,0.004440934498852585,0.9995,0.002193342871469213,1.0,0.0,0.0,0.0,0.0
20,43,0.00196400603352231,1.0,0.0005088190265814773,1.0,0.0,0.0,0.0,0.0
20,44,0.0005909681032062508,1.0,0.00034230156343255657,1.0,0.0,0.0,0.0,0.0
20,45,0.000626445355155738,1.0,0.00025903987370838876,1.0,0.33271509408950806,0.21608830988407135,0.14097820222377777,0.966
20,46,0.0004837987166683888,1.0,0.00020736197158839785,1.0,0.0,0.0,0.0,0.0
20,47,0.0010667137546261074,0.9995,0.00028304454597673613,1.0,0.0,0.0,0.0,0.0
20,48,0.010871941931836772,0.9965,0.021418851993512362,0.993,0.0,0.0,0.0,0.0
20,49,0.007229752610146534,0.998,0.0014037420698150528,1.0,0.0,0.0,0.0,0.0
20,50,0.005765400090604089,0.9995,0.0011297384703357238,1.0,0.39419132471084595,0.23547899723052979,0.1433943808078766,0.958
20,51,0.0012478040547284762,1.0,0.0004509732917358633,1.0,0.0,0.0,0.0,0.0
20,52,0.00041651416962849906,1.0,0.0002088170263232314,1.0,0.0,0.0,0.0,0.0
20,53,0.0003314813146062079,1.0,0.00015292230069462675,1.0,0.0,0.0,0.0,0.0
20,54,0.00043835232416313376,1.0,0.00015531875629676506,1.0,0.0,0.0,0.0,0.0
20,55,0.00030079409578320337,1.0,0.0001259850774295046,1.0,0.31295469403266907,0.20697632431983948,0.12982814013957977,0.9755
20,56,0.00020545299150398933,1.0,0.00010686647163311137,1.0,0.0,0.0,0.0,0.0
20,57,0.00027410780916397925,1.0,9.54438649750955e-05,1.0,0.0,0.0,0.0,0.0
20,58,0.00015970371994626477,1.0,8.931497954108636e-05,1.0,0.0,0.0,0.0,0.0
20,59,0.00027413454525230917,1.0,8.51402232729015e-05,1.0,0.0,0.0,0.0,0.0
20,60,0.00014394575136975619,1.0,7.851532165659592e-05,1.0,0.2923629581928253,0.21474885940551758,0.12472224235534668,0.98
20,61,0.00023227023384606583,1.0,7.501867643441074e-05,1.0,0.0,0.0,0.0,0.0
20,62,0.00020442339666260523,1.0,7.672287178138504e-05,1.0,0.0,0.0,0.0,0.0
20,63,0.00015707903978182003,1.0,6.903539857376017e-05,1.0,0.0,0.0,0.0,0.0
20,64,0.00012054735983838328,1.0,6.364449731336208e-05,1.0,0.0,0.0,0.0,0.0
20,65,0.00010956372178043239,1.0,5.557609186325862e-05,1.0,0.28140386939048767,0.2118975967168808,0.12417910248041153,0.984
20,66,0.0003329851257331029,1.0,6.504066989691637e-05,1.0,0.0,0.0,0.0,0.0
20,67,0.0007602107978891582,0.9995,0.00017690857512207004,1.0,0.0,0.0,0.0,0.0
20,68,0.0006671899412322091,0.9995,0.0031318215159262764,0.9985,0.0,0.0,0.0,0.0
20,69,0.0014969619070325279,0.9995,0.00023576247944220085,1.0,0.0,0.0,0.0,0.0
20,70,0.0020678857326856814,0.9995,0.0017465184918546584,0.9995,0.28321635723114014,0.19897325336933136,0.12227236479520798,0.991
21,1,1.3446245509386063,0.463,11.30727575302124,0.263,0.0,0.0,0.0,0.0
21,2,0.9844709825515747,0.609,1.157246242761612,0.612,0.0,0.0,0.0,0.0
21,3,0.8130685698986053,0.6605,0.784086583852768,0.7035,0.0,0.0,0.0,0.0
21,4,0.6937920421361923,0.707,0.8249586772918701,0.6415,0.0,0.0,0.0,0.0
21,5,0.6740106204152108,0.7225,0.6184261359274388,0.746,2.693941831588745,0.6093310117721558,0.24941693246364594,0.689
21,6,0.5968319535255432,0.7535,1.0778690052032471,0.7325,0.0,0.0,0.0,0.0
21,7,0.5179969234764576,0.7825,0.4430380246043205,0.8015,0.0,0.0,0.0,0.0
21,8,0.47781414330005645,0.811,0.8795352837443352,0.7485,0.0,0.0,0.0,0.0
21,9,0.47300312399864197,0.803,0.3643254128843546,0.878,0.0,0.0,0.0,0.0
21,10,0.4120561012625694,0.8385,0.3697813645750284,0.858,0.8728657960891724,0.5330575108528137,0.21832068264484406,0.885
21,11,0.3012134002149105,0.8855,0.21337978690862655,0.918,0.0,0.0,0.0,0.0
21,12,0.4424134335666895,0.8365,0.4746210236847401,0.8125,0.0,0.0,0.0,0.0
21,13,0.29402521330863235,0.886,0.20389472875744105,0.926,0.0,0.0,0.0,0.0
21,14,0.16599561724811793,0.9335,0.26331906467676164,0.888,0.0,0.0,0.0,0.0
21,15,0.08356866361573338,0.978,0.08254251783713698,0.972,0.42810145020484924,0.47004809975624084,0.17759570479393005,0.935
21,16,0.049979520831257104,0.9855,0.06995049878954887,0.9805,0.0,0.0,0.0,0.0
21,17,0.09703517974354327,0.967,0.06329536203294993,0.979,0.0,0.0,0.0,0.0
21,18,0.03877425595186651,0.993,0.012740657688118518,0.999,0.0,0.0,0.0,0.0
21,19,0.017124994363402948,0.998,0.011999322618357837,0.9975,0.0,0.0,0.0,0.0
21,20,0.008318360256962478,0.9995,0.008146337964572013,0.9995,0.29140013456344604,0.356883704662323,0.1385193020105362,0.985
21,21,0.003751435974263586,1.0,0.003865057759685442,1.0,0.0,0.0,0.0,0.0
21,22,0.004269914656761103,1.0,0.010737359640188515,0.998,0.0,0.0,0.0,0.0
21,23,0.003937715547799599,0.9995,0.164163338188082,0.943,0.0,0.0,0.0,0.0
21,24,0.04208109369094018,0.987,0.41108765967190264,0.8695,0.0,0.0,0.0,0.0
21,25,0.01587718281778507,0.996,0.008199388771317899,0.998,0.3185898959636688,0.3765241801738739,0.14401958882808685,0.976
21,26,0.02243389698676765,0.993,0.10269954079762102,0.9605,0.0,0.0,0.0,0.0
21,27,0.014058148707263171,0.9965,0.026114795128814875,0.992,0.0,0.0,0.0,0.0
21,28,0.022162019193638118,0.994,0.10163305876776577,0.9605,0.0,0.0,0.0,0.0
21,29,0.028810110471677034,0.991,0.43885184824466705,0.8665,0.0,0.0,0.0,0.0
21,30,0.05091351981274784,0.9855,0.049361173291690645,0.98,0.37379467487335205,0.399783194065094,0.1466699093580246,0.935
21,31,0.0311759840301238,0.99,0.005877053729491309,1.0,0.0,0.0,0.0,0.0
21,32,0.08631077940110117,0.9705,0.8289913776516914,0.856,0.0,0.0,0.0,0.0
21,33,0.1739379259571433,0.947,0.20091107327491045,0.925,0.0,0.0,0.0,0.0
21,34,0.11450284209102392,0.961,0.25985776986926795,0.904,0.0,0.0,0.0,0.0
21,35,0.03133949248353019,0.991,0.046769788479432466,0.9815,0.3955342471599579,0.3815247714519501,0.13931183516979218,0.9545
21,36,0.011361012948909774,0.9975,0.0099063675920479,0.9995,0.0,0.0,0.0,0.0
21,37,0.0030978277383837847,1.0,0.0013256443955469877,1.0,0.0,0.0,0.0,0.0
21,38,0.0032281797094037756,0.9995,0.0008625688367465045,1.0,0.0,0.0,0.0,0.0
21,39,0.0013781114079756663,1.0,0.0005657427918049506,1.0,0.0,0.0,0.0,0.0
21,40,0.0012277263350551947,1.0,0.000435694950283505,1.0,0.26920580863952637,0.3324110209941864,0.12231997400522232,0.988
21,41,0.0005917656350356992,1.0,0.0003288994474860374,1.0,0.0,0.0,0.0,0.0
21,42,0.0005273836068226956,1.0,0.0002817458149365848,1.0,0.0,0.0,0.0,0.0
21,43,0.001179454058947158,0.9995,0.001218061399704311,0.9995,0.0,0.0,0.0,0.0
21,44,0.040713216162403115,0.988,0.13708802056033165,0.9625,0.0,0.0,0.0,0.0
21,45,0.021793912976281717,0.9945,0.10837377840653062,0.9635,0.3829888701438904,0.44826993346214294,0.15878498554229736,0.933
21,46,0.015548093159450218,0.9945,0.04707361352397129,0.9855,0.0,0.0,0.0,0.0
21,47,0.0033830424121697434,0.9995,0.0038144742844451684,0.9995,0.0,0.0,0.0,0.0
21,48,0.002800604196090717,0.999,0.0005186578139546327,1.0,0.0,0.0,0.0,0.0
21,49,0.0028116083584609443,0.999,0.005222218745620922,1.0,0.0,0.0,0.0,0.0
21,50,0.05208430388418492,0.986,0.03720641656662337,0.988,0.3826771676540375,0.39355334639549255,0.1427769809961319,0.949
21,51,0.019784705385391135,0.991,0.0038396000227658078,1.0,0.0,0.0,0.0,0.0
21,52,0.004336400406318716,0.9995,0.0024752671508758792,0.9995,0.0,0.0,0.0,0.0
21,53,0.0019467885012272746,1.0,0.0015060409440775403,1.0,0.0,0.0,0.0,0.0
21,54,0.0007628083346935455,1.0,0.0003800615604268387,1.0,0.0,0.0,0.0,0.0
21,55,0.0008194058454682818,1.0,0.0003080096989287995,1.0,0.2755378782749176,0.3265180289745331,0.12051552534103394,0.987
21,56,0.003537482064421056,0.999,0.006331014206225518,0.9975,0.0,0.0,0.0,0.0
21,57,0.003459089194511762,0.9995,0.0007220874312042724,1.0,0.0,0.0,0.0,0.0
21,58,0.0032404380783555096,0.9995,0.0010950227442663163,1.0,0.0,0.0,0.0,0.0
21,59,0.000904655551785254,1.0,0.0004821644192270469,1.0,0.0,0.0,0.0,0.0
21,60,0.0003900366742891492,1.0,0.00019488305755658076,1.0,0.2674393057823181,0.31383198499679565,0.11690574884414673,0.9895
21,61,0.00040042961180006384,1.0,0.00015437463407579343,1.0,0.0,0.0,0.0,0.0
21,62,0.0002949852574238321,1.0,0.00013700505278393393,1.0,0.0,0.0,0.0,0.0
21,63,0.0002877641708619194,1.0,0.00012259310686204116,1.0,0.0,0.0,0.0,0.0
21,64,0.00038516404885740484,1.0,0.00010791207583679352,1.0,0.0,0.0,0.0,0.0
21,65,0.0009932516590561136,0.9995,0.0003219322739096242,1.0,0.2571718394756317,0.3097657859325409,0.1148933544754982,0.9915
22,1,1.1953748306632042,0.508,9.336789116859435,0.271,0.0,0.0,0.0,0.0
22,2,0.9214573869109154,0.639,2.0175717735290526,0.55,0.0,0.0,0.0,0.0
22,3,0.8215169754624366,0.6865,0.9103362208604813,0.6565,0.0,0.0,0.0,0.0
22,4,0.6626334059238433,0.751,0.6062994565069676,0.7835,0.0,0.0,0.0,0.0
22,5,0.6411406493186951,0.7565,1.1947454327344895,0.6185,2.3211166858673096,0.656882107257843,0.5957673192024231,0.546
22,6,0.6222285443544388,0.7745,1.5180531096458436,0.615,0.0,0.0,0.0,0.0
22,7,0.4818590843677521,0.819,0.6869212950766087,0.7345,0.0,0.0,0.0,0.0
22,8,0.5779581488668919,0.7955,0.5359773023426533,0.799,0.0,0.0,0.0,0.0
22,9,0.3590664058178663,0.871,0.4392678524553776,0.811,0.0,0.0,0.0,0.0
22,10,0.23183838285505773,0.9205,0.2704442243278027,0.902,0.7248824834823608,0.5799155831336975,0.3275844156742096,0.834
22,11,0.22828023426234723,0.9245,0.3460318935662508,0.857,0.0,0.0,0.0,0.0
22,12,0.2583159518241882,0.9005,0.20915939189493657,0.9285,0.0,0.0,0.0,0.0
22,13,0.20445696745067835,0.932,0.4962526106834412,0.8435,0.0,0.0,0.0,0.0
22,14,0.16324293898418546,0.945,0.21288628526031972,0.9215,0.0,0.0,0.0,0.0
22,15,0.11701757971197367,0.9605,1.1887582927942275,0.7685,0.6596261262893677,0.684867262840271,0.2686856687068939,0.64
22,16,0.09886614806950092,0.968,0.1490958384424448,0.948,0.0,0.0,0.0,0.0
22,17,0.06393618344794959,0.9795,0.145357272811234,0.957,0.0,0.0,0.0,0.0
22,18,0.06875468293204903,0.976,0.22503039836883545,0.9275,0.0,0.0,0.0,0.0
22,19,0.05801140436436981,0.978,0.16636572647839784,0.9565,0.0,0.0,0.0,0.0
22,20,0.03993488308042288,0.987,0.04710262450855225,0.9845,0.4090590476989746,0.49839872121810913,0.17871010303497314,0.9285
22,21,0.020579785413574428,0.996,0.03150154241593554,0.992,0.0,0.0,0.0,0.0
22,22,0.020808060530107468,0.9925,0.045908343186601995,0.9835,0.0,0.0,0.0,0.0
22,23,0.02742406534496695,0.989,0.008258004632079975,0.9995,0.0,0.0,0.0,0.0
22,24,0.016379493600688876,0.9945,0.0036988994234707206,0.999,0.0,0.0,0.0,0.0
22,25,0.004816240028012544,1.0,0.0021186775167007,1.0,0.3055947422981262,0.3391885459423065,0.14553670585155487,0.9785
22,26,0.009698107270523906,0.9965,0.10490182409062981,0.969,0.0,0.0,0.0,0.0
22,27,0.023609471431700512,0.991,0.052565578669309616,0.9805,0.0,0.0,0.0,0.0
22,28,0.028263732040068136,0.9925,0.08137825238518417,0.9745,0.0,0.0,0.0,0.0
22,29,0.07997512264410034,0.975,0.6231323850899935,0.8475,0.0,0.0,0.0,0.0
22,30,0.1552445106767118,0.9495,0.10941499039530754,0.9575,0.5932646989822388,0.46105560660362244,0.20377612113952637,0.897
22,31,0.05303935397416353,0.9845,0.016847423538565637,0.9975,0.0,0.0,0.0,0.0
22,32,0.02247659574029967,0.992,0.008330623712390661,0.999,0.0,0.0,0.0,0.0
22,33,0.012114796257810668,0.9955,0.012455864793155342,0.998,0.0,0.0,0.0,0.0
22,34,0.029417187620420008,0.988,0.012326008718227968,0.997,0.0,0.0,0.0,0.0
22,35,0.06577905860205646,0.979,0.15320014057680964,0.949,0.4397507607936859,0.5417981147766113,0.1993865817785263,0.8725
22,36,0.023666492557385937,0.994,0.016143957190215587,0.9965,0.0,0.0,0.0,0.0
22,37,0.010060761370696128,0.9965,0.022364203778561204,0.9925,0.0,0.0,0.0,0.0
22,38,0.050653852389659734,0.985,0.1473280132934451,0.9505,0.0,0.0,0.0,0.0
22,39,0.03246352085610851,0.989,0.005919538361486048,0.998,0.0,0.0,0.0,0.0
22,40,0.015392376276431606,0.9945,0.19058902017772197,0.949,0.4326256811618805,0.5342809557914734,0.17264173924922943,0.8775
22,41,0.011819129646173678,0.995,0.013387746550142765,0.996,0.0,0.0,0.0,0.0
22,42,0.050603088457137346,0.9865,0.016639754518400877,0.997,0.0,0.0,0.0,0.0
22,43,0.02112044578709174,0.993,0.0053567435772856695,0.9995,0.0,0.0,0.0,0.0
22,44,0.007143911544699222,0.998,0.0018165446471539327,1.0,0.0,0.0,0.0,0.0
22,45,0.005207460931851529,0.9985,0.002035752952870098,0.9995,0.28914928436279297,0.3245302140712738,0.1448805332183838,0.982
22,46,0.0022362945541681257,1.0,0.00029408209200482816,1.0,0.0,0.0,0.0,0.0
22,47,0.0019371804098773282,0.999,0.00044130055135610746,1.0,0.0,0.0,0.0,0.0
22,48,0.0007555366225642502,1.0,0.0002610653921510675,1.0,0.0,0.0,0.0,0.0
22,49,0.0007213907256300445,1.0,0.00018587642145575955,1.0,0.0,0.0,0.0,0.0
22,50,0.00032936062885710273,1.0,0.00013344895151021774,1.0,0.2566036880016327,0.3444463312625885,0.13730637729167938,0.986
22,51,0.0002879993619353627,1.0,0.00012078897274477641,1.0,0.0,0.0,0.0,0.0
22,52,0.00036862125441984974,1.0,0.00010774317848699866,1.0,0.0,0.0,0.0,0.0
22,53,0.00023131264464609558,1.0,8.76958732260391e-05,1.0,0.0,0.0,0.0,0.0
22,54,0.00022584275946428535,1.0,7.885853739935555e-05,1.0,0.0,0.0,0.0,0.0
22,55,0.00023360818759101675,1.0,7.372190370006138e-05,1.0,0.24729035794734955,0.3383636176586151,0.13133716583251953,0.989
22,56,0.0001943829975243716,1.0,6.49278857599711e-05,1.0,0.0,0.0,0.0,0.0
22,57,0.00019136840295686853,1.0,6.112672899689642e-05,1.0,0.0,0.0,0.0,0.0
22,58,0.0002636092529974121,1.0,5.955896840532659e-05,1.0,0.0,0.0,0.0,0.0
22,59,0.00032870169627130963,1.0,0.00013653604381033802,1.0,0.0,0.0,0.0,0.0
22,60,0.00033374131660821147,1.0,6.169105439767009e-05,1.0,0.2490219622850418,0.32482072710990906,0.13296444714069366,0.9895
22,61,0.00019033366445000865,1.0,5.784375095572614e-05,1.0,0.0,0.0,0.0,0.0
22,62,0.00026635420902493934,1.0,5.641768932036939e-05,1.0,0.0,0.0,0.0,0.0
22,63,0.0001718659245125309,1.0,4.990773495592293e-05,1.0,0.0,0.0,0.0,0.0
22,64,0.0001724883472707006,1.0,4.50893776724115e-05,1.0,0.0,0.0,0.0,0.0
22,65,0.0019997475401214615,0.999,7.491234283406812e-05,1.0,0.24086356163024902,0.3194040358066559,0.12722617387771606,0.989
22,66,0.007008114264372125,0.9975,0.004062755995546468,0.9985,0.0,0.0,0.0,0.0
22,67,0.004679753845266532,0.9985,0.002430348691268591,0.9995,0.0,0.0,0.0,0.0
22,68,0.005533048122160835,0.998,0.0005011350763015798,1.0,0.0,0.0,0.0,0.0
22,69,0.00246244372890942,0.9995,0.0004376802531987778,1.0,0.0,0.0,0.0,0.0
22,70,0.0005231223658120144,1.0,0.00015135017260035964,1.0,0.26708701252937317,0.33404573798179626,0.1409018486738205,0.9805
22,71,0.0012395822221878917,0.9995,8.053372758695332e-05,1.0,0.0,0.0,0.0,0.0
22,72,0.00998222670310497,0.996,0.002849831789935706,0.9985,0.0,0.0,0.0,0.0
22,73,0.007135145858628675,0.9975,0.006323415604711045,0.9975,0.0,0.0,0.0,0.0
22,74,0.007125539218395716,0.997,0.000363242881721817,1.0,0.0,0.0,0.0,0.0
22,75,0.01358502096758457,0.9965,0.007644781165872701,0.9985,0.3504295349121094,0.33905187249183655,0.14620788395404816,0.971
22,76,0.0034074920858620317,0.9995,0.0006676849331051926,1.0,0.0,0.0,0.0,0.0
22,77,0.0010050794932612917,1.0,0.00042464213038329035,1.0,0.0,0.0,0.0,0.0
22,78,0.0005824547926386003,1.0,0.00015129621640880942,1.0,0.0,0.0,0.0,0.0
22,79,0.0005340034631262825,1.0,0.00011189985472810804,1.0,0.0,0.0,0.0,0.0
22,80,0.0002862313501464087,1.0,8.798655218015483e-05,1.0,0.2701396048069,0.35978755354881287,0.1359253227710724,0.987
22,81,0.000274817476492899,1.0,7.42531961259374e-05,1.0,0.0,0.0,0.0,0.0
22,82,0.00022982840820986894,1.0,7.14582548243925e-05,1.0,0.0,0.0,0.0,0.0
22,83,0.0003030834675337246,1.0,5.9580120587270355e-05,1.0,0.0,0.0,0.0,0.0
22,84,0.00039886750761979783,1.0,7.023148505140853e-05,1.0,0.0,0.0,0.0,0.0
22,85,0.00016990409319987522,1.0,7.698291854467243e-05,1.0,0.25569960474967957,0.37452295422554016,0.13231927156448364,0.986
22,86,0.00039496131334090025,1.0,5.9316170636520836e-05,1.0,0.0,0.0,0.0,0.0
22,87,0.0011154423403604596,0.9995,0.00013714617170990095,1.0,0.0,0.0,0.0,0.0
22,88,0.025673098700717673,0.992,0.006752665058738785,0.997,0.0,0.0,0.0,0.0
22,89,0.005080854805419222,0.999,0.0024557361235201824,0.9995,0.0,0.0,0.0,0.0
22,90,0.010696286718593911,0.9965,0.014588025237026158,0.9965,0.3168256878852844,0.48341071605682373,0.15404050052165985,0.9555
22,91,0.013182367968984181,0.997,0.03195806433883263,0.99,0.0,0.0,0.0,0.0
22,92,0.04276631229411578,0.9865,0.3513334091566503,0.911,0.0,0.0,0.0,0.0
22,93,0.03743489105661865,0.9885,0.019347911122022197,0.9945,0.0,0.0,0.0,0.0
22,94,0.011870122057152911,0.9945,0.00279786216764478,1.0,0.0,0.0,0.0,0.0
22,95,0.012759757028252352,0.9965,0.004629897969716694,1.0,0.3457140624523163,0.4306153655052185,0.1612176150083542,0.942
22,96,0.004328919162217062,0.9995,0.0017714246892137453,1.0,0.0,0.0,0.0,0.0
22,97,0.0009628239242738346,1.0,0.00027929046482313427,1.0,0.0,0.0,0.0,0.0
22,98,0.0007300797615971533,1.0,0.00025000377940159524,1.0,0.0,0.0,0.0,0.0
22,99,0.0004316462731731008,1.0,0.00016263742654700763,1.0,0.0,0.0,0.0,0.0
22,100,0.00034176572407886854,1.0,0.0001233483096530108,1.0,0.28644025325775146,0.4042079448699951,0.15117934346199036,0.971
23,1,1.286467438340187,0.504,2.7731033366918565,0.5745,0.0,0.0,0.0,0.0
23,2,1.0747968539595605,0.6135,1.1729109734296799,0.62,0.0,0.0,0.0,0.0
23,3,0.8922207322716713,0.672,1.008606230020523,0.639,0.0,0.0,0.0,0.0
23,4,0.8129293763637543,0.71,0.9992764157056808,0.6285,0.0,0.0,0.0,0.0
23,5,0.7752486929297447,0.7095,0.8491936880350113,0.6635,1.3910444974899292,1.0674916505813599,0.595845103263855,0.7765
23,6,0.8716748836636543,0.712,0.6593872871994972,0.768,0.0,0.0,0.0,0.0
23,7,0.7089850813150406,0.7375,0.749791235178709,0.709,0.0,0.0,0.0,0.0
23,8,0.6375142247974872,0.768,0.5679242195188999,0.7915,0.0,0.0,0.0,0.0
23,9,0.6580137303471565,0.7565,0.6233217191696167,0.7935,0.0,0.0,0.0,0.0
23,10,0.5672239188849926,0.7865,0.6569366776943206,0.784,1.1724435091018677,0.6676101684570312,0.45977845788002014,0.816
23,11,0.4970551344752312,0.816,0.5059286904335022,0.808,0.0,0.0,0.0,0.0
23,12,0.49245200023055075,0.823,0.3797358746826649,0.866,0.0,0.0,0.0,0.0
23,13,0.38529058270156386,0.8605,0.5602008645236493,0.7935,0.0,0.0,0.0,0.0
23,14,0.4464964942634106,0.841,0.4091002236306667,0.851,0.0,0.0,0.0,0.0
23,15,0.3149721685796976,0.8935,0.29247901573777196,0.9015,0.6770008206367493,0.430074542760849,0.30536285042762756,0.8455
23,16,0.2584701930359006,0.9025,0.23299661561846732,0.9215,0.0,0.0,0.0,0.0
23,17,0.16496586170047522,0.95,0.6586953675746918,0.807,0.0,0.0,0.0,0.0
23,18,0.14254808329045773,0.953,0.11079448798671365,0.968,0.0,0.0,0.0,0.0
23,19,0.13456063535064458,0.9545,0.10167611142620445,0.9655,0.0,0.0,0.0,0.0
23,20,0.09319921023212373,0.9735,0.06718446053564549,0.9845,0.4837064743041992,0.3277514576911926,0.22175966203212738,0.9155
23,21,0.21356335178017616,0.9335,0.47303069978952406,0.8675,0.0,0.0,0.0,0.0
23,22,0.22358145453035833,0.917,0.20628436133265496,0.9275,0.0,0.0,0.0,0.0
23,23,0.09399658860638738,0.9705,0.3448993822932243,0.8525,0.0,0.0,0.0,0.0
23,24,0.1262240391969681,0.9595,0.25120246291160586,0.891,0.0,0.0,0.0,0.0
23,25,0.06821948597207665,0.975,0.07927667938172817,0.972,0.35053595900535583,0.4219795763492584,0.27770814299583435,0.9255
23,26,0.06583400418981909,0.9775,0.04950646352022886,0.9855,0.0,0.0,0.0,0.0
23,27,0.08593293532729149,0.9715,0.128224527053535,0.96,0.0,0.0,0.0,0.0
23,28,0.05435664176940918,0.981,0.14771917536389081,0.9535,0.0,0.0,0.0,0.0
23,29,0.052205932578071955,0.9845,0.049100882988423106,0.985,0.0,0.0,0.0,0.0
23,30,0.022724764619488268,0.994,0.033306376449763773,0.992,0.3274804353713989,0.3299398720264435,0.20852847397327423,0.9585
23,31,0.011089419383788482,0.9985,0.0075799290731083605,1.0,0.0,0.0,0.0,0.0
23,32,0.004233056852826849,0.9995,0.0016392485538381152,1.0,0.0,0.0,0.0,0.0
23,33,0.0028906843639560976,1.0,0.0030710142277530395,0.9995,0.0,0.0,0.0,0.0
23,34,0.015761825807276184,0.9935,0.037044628540461415,0.9875,0.0,0.0,0.0,0.0
23,35,0.0106573453953024,0.9975,0.002462676362483762,1.0,0.2823030948638916,0.2709420919418335,0.16773484647274017,0.9755
23,36,0.006412635757878888,0.9985,0.0043547527719056235,0.9995,0.0,0.0,0.0,0.0
23,37,0.07089577555190772,0.975,0.5158881343901157,0.8745,0.0,0.0,0.0,0.0
23,38,0.0499265437759459,0.983,0.031034950176253916,0.99,0.0,0.0,0.0,0.0
23,39,0.04965354811865837,0.9865,0.06155010481365025,0.9765,0.0,0.0,0.0,0.0
23,40,0.02217219121521339,0.994,0.04518442343454808,0.983,0.3905104100704193,0.36069709062576294,0.21803198754787445,0.9215
23,41,0.01373093290021643,0.997,0.003665581270470284,1.0,0.0,0.0,0.0,0.0
23,42,0.0031641272362321615,1.0,0.00115665806857578,1.0,0.0,0.0,0.0,0.0
23,43,0.003506874906597659,1.0,0.0009840745152905584,1.0,0.0,0.0,0.0,0.0
23,44,0.003717095808533486,0.999,0.001236928405414801,1.0,0.0,0.0,0.0,0.0
23,45,0.0017671680344210471,1.0,0.0006740417876426363,1.0,0.24782799184322357,0.3165200352668762,0.16779141128063202,0.9915
24,1,1.466511719226837,0.403,2.018024926185608,0.433,0.0,0.0,0.0,0.0
24,2,1.2639016485214234,0.4955,1.906263848543167,0.42,0.0,0.0,0.0,0.0
24,3,1.136734930574894,0.5485,1.3546590572595596,0.5195,0.0,0.0,0.0,0.0
24,4,1.000480237007141,0.622,1.1336807772517203,0.58,0.0,0.0,0.0,0.0
24,5,0.8845889168977737,0.6535,1.663286954164505,0.4845,3.4804413318634033,1.090315580368042,0.6050945520401001,0.5785
24,6,0.7967763641476631,0.7,0.6805887311697006,0.7415,0.0,0.0,0.0,0.0
24,7,0.6830475768446922,0.743,0.88272920191288,0.6975,0.0,0.0,0.0,0.0
24,8,0.6066745848953724,0.7745,0.560825740993023,0.7875,0.0,0.0,0.0,0.0
24,9,0.48894310057163237,0.8125,0.38037343047559263,0.869,0.0,0.0,0.0,0.0
24,10,0.40959233045578003,0.8465,0.5120272962749004,0.802,1.8192989826202393,0.6402651071548462,0.33322975039482117,0.693
24,11,0.3715433821827173,0.8645,0.4314010789245367,0.8355,0.0,0.0,0.0,0.0
24,12,0.35279775261878965,0.869,0.45820530772209167,0.831,0.0,0.0,0.0,0.0
24,13,0.27796401694417,0.9015,0.46912931993603707,0.823,0.0,0.0,0.0,0.0
24,14,0.2031145592406392,0.9345,0.2295787360519171,0.922,0.0,0.0,0.0,0.0
24,15,0.1807491774484515,0.938,0.5370113323628902,0.823,0.8845476508140564,0.43289798498153687,0.2125617265701294,0.771
24,16,0.11993470078334212,0.957,0.19758385643363,0.9335,0.0,0.0,0.0,0.0
24,17,0.15710750145837665,0.9505,0.157707175090909,0.947,0.0,0.0,0.0,0.0
24,18,0.13936369867995382,0.9455,0.11367568381130695,0.9575,0.0,0.0,0.0,0.0
24,19,0.09345833797007799,0.9665,0.06927960607223213,0.972,0.0,0.0,0.0,0.0
24,20,0.04868135444354266,0.985,0.025839833528734743,0.996,0.5366560220718384,0.3340207040309906,0.15792512893676758,0.9575
24,21,0.026162254228256642,0.992,0.01998212589416653,0.9965,0.0,0.0,0.0,0.0
24,22,0.01954329984728247,0.9965,0.02775108369998634,0.993,0.0,0.0,0.0,0.0
24,23,0.008537150677875615,0.998,0.014684989009983837,0.9975,0.0,0.0,0.0,0.0
24,24,0.09135894253849983,0.97,1.0292606136202813,0.786,0.0,0.0,0.0,0.0
24,25,0.1510758739709854,0.9565,0.13857997000217437,0.949,0.858615517616272,0.5562239289283752,0.26823875308036804,0.799
24,26,0.04441562218591571,0.9875,0.02476009068544954,0.995,0.0,0.0,0.0,0.0
24,27,0.024062061817385256,0.9955,0.014067500230157747,0.9975,0.0,0.0,0.0,0.0
24,28,0.026491654210258276,0.992,0.08793770951218903,0.973,0.0,0.0,0.0,0.0
24,29,0.0384579709591344,0.986,0.020927972624776886,0.993,0.0,0.0,0.0,0.0
24,30,0.039065027062315495,0.987,0.26197188418358563,0.9325,0.6237878203392029,0.3669997751712799,0.18696489930152893,0.8805
24,31,0.08100470795296133,0.974,0.16721797289559617,0.9485,0.0,0.0,0.0,0.0
24,32,0.05141547576058656,0.984,0.02967340953182429,0.9905,0.0,0.0,0.0,0.0
24,33,0.014473366071470081,0.996,0.00693175861146301,1.0,0.0,0.0,0.0,0.0
24,34,0.006310877607902512,0.9995,0.0018881061844876967,1.0,0.0,0.0,0.0,0.0
24,35,0.008646591067663394,0.998,0.007707003144896589,0.998,0.3926677405834198,0.3182260990142822,0.12929019331932068,0.9915
25,1,1.4383228290081025,0.41,3.283215681314468,0.4445,0.0,0.0,0.0,0.0
25,2,1.2749115365743637,0.497,1.3647395622730256,0.495,0.0,0.0,0.0,0.0
25,3,1.185879742205143,0.5405,1.39628071308136,0.51,0.0,0.0,0.0,0.0
25,4,1.0248643258213996,0.604,0.9829716035723686,0.6065,0.0,0.0,0.0,0.0
25,5,0.9665951377153397,0.6415,1.0012184935808182,0.574,3.787529706954956,0.9230247139930725,0.5805684924125671,0.5615
25,6,0.8986060610413551,0.672,1.070627075433731,0.617,0.0,0.0,0.0,0.0
25,7,0.9141264867782593,0.655,0.8869833871722221,0.6595,0.0,0.0,0.0,0.0
25,8,0.7924164733290673,0.7015,0.7449830335378647,0.726,0.0,0.0,0.0,0.0
25,9,0.6931480494141579,0.7555,1.0306663727760315,0.608,0.0,0.0,0.0,0.0
25,10,0.5925321552157402,0.79,0.7678323829174042,0.7205,1.907269835472107,0.6632200479507446,0.4690110385417938,0.626
25,11,0.48561850681900975,0.8295,1.0035833290219307,0.7205,0.0,0.0,0.0,0.0
25,12,0.5416038098931313,0.815,1.9572519475221635,0.608,0.0,0.0,0.0,0.0
25,13,0.47209410831332205,0.84,0.3446622820943594,0.881,0.0,0.0,0.0,0.0
25,14,0.26360721595585346,0.9155,1.3901872864365579,0.7795,0.0,0.0,0.0,0.0
25,15,0.17871232699602843,0.9415,0.9135534381866455,0.7445,0.6782932877540588,0.3205748498439789,0.2496459037065506,0.676
25,16,0.13092133305966855,0.9555,0.0701093664765358,0.984,0.0,0.0,0.0,0.0
25,17,0.09252248502336442,0.9705,0.12774999441578985,0.9605,0.0,0.0,0.0,0.0
25,18,0.06758089469745755,0.9795,0.05789763068314642,0.982,0.0,0.0,0.0,0.0
25,19,0.1013603812456131,0.9675,1.373636956214905,0.7525,0.0,0.0,0.0,0.0
25,20,0.2908312809094787,0.9055,1.1941068333387375,0.748,0.960157036781311,0.5338216423988342,0.28125646710395813,0.6685
25,21,0.2972551094647497,0.905,0.5807557909190655,0.816,0.0,0.0,0.0,0.0
25,22,0.09610416432842613,0.9705,0.029875595725607128,0.9935,0.0,0.0,0.0,0.0
25,23,0.032212416799739005,0.995,0.03737358593381941,0.9925,0.0,0.0,0.0,0.0
25,24,0.06243827828206122,0.978,0.06586952710524202,0.9765,0.0,0.0,0.0,0.0
25,25,0.06996464854106307,0.972,0.46620359595865013,0.8585,0.5635011792182922,0.2864227294921875,0.18917855620384216,0.7635
25,26,0.026968766300706194,0.9925,0.025590399485081433,0.995,0.0,0.0,0.0,0.0
25,27,0.01049863459309563,0.999,0.027591134221293032,0.991,0.0,0.0,0.0,0.0
25,28,0.005237039611092769,0.999,0.0011954260256607085,1.0,0.0,0.0,0.0,0.0
25,29,0.0020163844974013046,1.0,0.0006823175746831112,1.0,0.0,0.0,0.0,0.0
25,30,0.001221041982062161,1.0,0.00043279676268866753,1.0,0.28292492032051086,0.17433446645736694,0.1337839663028717,0.9925
26,1,1.6519437891244888,0.3285,14.63524598121643,0.204,0.0,0.0,0.0,0.0
26,2,1.5156358778476715,0.387,1.9076586788892747,0.3695,0.0,0.0,0.0,0.0
26,3,1.3395599204301833,0.4535,1.7137287557125092,0.405,0.0,0.0,0.0,0.0
26,4,1.2316293436288834,0.488,1.1914985543489456,0.525,0.0,0.0,0.0,0.0
26,5,1.1723298990726472,0.5085,1.1597079694271089,0.5125,7.846316814422607,0.7798132300376892,0.44623279571533203,0.627
26,6,1.1109992352128029,0.5485,1.0702329289913177,0.578,0.0,0.0,0.0,0.0
26,7,1.0807721817493439,0.5535,1.1072122749686242,0.5355,0.0,0.0,0.0,0.0
26,8,1.032867076098919,0.574,1.2554651176929474,0.5215,0.0,0.0,0.0,0.0
26,9,0.9366465830802917,0.631,1.0727000319957734,0.5505,0.0,0.0,0.0,0.0
26,10,0.8665899419784546,0.663,1.0184142464399337,0.618,3.1181108951568604,0.7623643279075623,0.4161253869533539,0.663
26,11,0.7430131575465202,0.717,1.9417469882965088,0.522,0.0,0.0,0.0,0.0
26,12,0.7576791432499885,0.7045,0.7254997342824936,0.742,0.0,0.0,0.0,0.0
26,13,0.6476566925644874,0.7555,1.316155788898468,0.5765,0.0,0.0,0.0,0.0
26,14,0.5055983096361161,0.8165,0.4994571639597416,0.815,0.0,0.0,0.0,0.0
26,15,0.35066118091344833,0.873,0.5294301450252533,0.8015,1.6177078485488892,0.4158177971839905,0.23164276778697968,0.6315
26,16,0.27873094074428084,0.897,1.8705371510982514,0.5345,0.0,0.0,0.0,0.0
26,17,0.32847098737955094,0.881,0.48801062136888507,0.8165,0.0,0.0,0.0,0.0
26,18,0.2538796302303672,0.9185,0.4369917504489422,0.872,0.0,0.0,0.0,0.0
26,19,0.28088890060782434,0.905,0.7542572669684887,0.793,0.0,0.0,0.0,0.0
26,20,0.19981028892099859,0.939,0.1786906035244465,0.932,0.6870381236076355,0.4076686501502991,0.1753520518541336,0.8455
26,21,0.10213203417137265,0.963,0.11653728181496263,0.967,0.0,0.0,0.0,0.0
26,22,0.07184808899182826,0.9775,0.2940783815830946,0.9015,0.0,0.0,0.0,0.0
26,23,0.07859221873804927,0.9745,0.0973543131351471,0.9695,0.0,0.0,0.0,0.0
26,24,0.03481804920593277,0.9895,0.025252628182061018,0.9925,0.0,0.0,0.0,0.0
26,25,0.07518700618296861,0.9825,0.04891172774601728,0.986,0.5379350781440735,0.3064023554325104,0.14144651591777802,0.9115
26,26,0.07003000793978571,0.977,0.11285669440403581,0.967,0.0,0.0,0.0,0.0
26,27,0.041273179296404124,0.9845,0.06314401398412883,0.981,0.0,0.0,0.0,0.0
26,28,0.014294264460913838,0.9975,0.017482897414593027,0.9965,0.0,0.0,0.0,0.0
26,29,0.0073711743939202275,0.999,0.005233659258810803,1.0,0.0,0.0,0.0,0.0
26,30,0.004252524569747038,0.9995,0.0033328327868366613,1.0,0.29151952266693115,0.2630416750907898,0.09881585091352463,0.9975
27,1,1.2630821788311004,0.511,5.097331349849701,0.3775,0.0,0.0,0.0,0.0
27,2,1.0104913648962974,0.6145,1.7778971713781357,0.5265,0.0,0.0,0.0,0.0
27,3,0.8609161058068275,0.686,0.8462819454073905,0.6655,0.0,0.0,0.0,0.0
27,4,0.7472863709926605,0.7145,0.6953000974655151,0.75,0.0,0.0,0.0,0.0
27,5,0.6881371134519577,0.7465,0.8736059403419495,0.6505,2.145374298095703,1.0311768054962158,0.5989739298820496,0.6465
27,6,0.753796823322773,0.7185,0.9049234485626221,0.67,0.0,0.0,0.0,0.0
27,7,0.6957683065533637,0.751,0.6593666544556618,0.7455,0.0,0.0,0.0,0.0
27,8,0.6386349323391914,0.766,0.6793600486218929,0.743,0.0,0.0,0.0,0.0
27,9,0.563434976041317,0.7865,1.1887540292739869,0.6525,0.0,0.0,0.0,0.0
27,10,0.6182018174231052,0.7845,0.9869430029392242,0.71,1.9048874378204346,1.2379261255264282,0.6326833963394165,0.6075
27,11,0.5831873030960559,0.801,0.5435671927034855,0.7895,0.0,0.0,0.0,0.0
27,12,0.4365562489628792,0.8415,0.41026616528630255,0.833,0.0,0.0,0.0,0.0
27,13,0.3969846145808697,0.843,0.5179087541997432,0.801,0.0,0.0,0.0,0.0
27,14,0.2814746852219105,0.8975,0.23760056033730506,0.9405,0.0,0.0,0.0,0.0
27,15,0.1834521210938692,0.938,0.3431930384784937,0.868,0.8263694047927856,0.5988438725471497,0.41320186853408813,0.7855
27,16,0.19462079185992479,0.933,0.2091227462887764,0.9275,0.0,0.0,0.0,0.0
27,17,0.08869209641590714,0.9765,0.2632831522077322,0.9,0.0,0.0,0.0,0.0
27,18,0.08087327340617775,0.978,0.1543303200509399,0.949,0.0,0.0,0.0,0.0
27,19,0.07546238387934863,0.98,0.3816281811147928,0.881,0.0,0.0,0.0,0.0
27,20,0.06318726784083992,0.979,1.7548320987820625,0.698,0.5432128310203552,0.6233168840408325,0.3359070122241974,0.6
27,21,0.047735910336487,0.9845,0.048457606760784984,0.984,0.0,0.0,0.0,0.0
27,22,0.030116086835041644,0.99,0.0635764302778989,0.9795,0.0,0.0,0.0,0.0
27,23,0.023736008047126233,0.995,0.04509550147689879,0.988,0.0,0.0,0.0,0.0
27,24,0.15198841562960297,0.9555,1.0174572202563286,0.784,0.0,0.0,0.0,0.0
27,25,0.17814719766378403,0.9455,0.7519491593539714,0.794,0.9536352157592773,0.44735684990882874,0.3566523492336273,0.7685
27,26,0.10911480411887169,0.966,1.8405550581216812,0.788,0.0,0.0,0.0,0.0
27,27,0.22146972108632326,0.9305,2.839068565964699,0.6695,0.0,0.0,0.0,0.0
27,28,0.14564282897859812,0.951,0.651537574082613,0.8475,0.0,0.0,0.0,0.0
27,29,0.04729453098960221,0.985,0.06233915804885328,0.9785,0.0,0.0,0.0,0.0
27,30,0.05493670610710979,0.9795,0.1797814040258527,0.9365,0.564095675945282,0.6238436698913574,0.3537933826446533,0.8465
27,31,0.07515224414877593,0.981,0.08216162442229688,0.9715,0.0,0.0,0.0,0.0
27,32,0.08477773689897732,0.977,0.04316301734186709,0.985,0.0,0.0,0.0,0.0
27,33,0.03550135377794504,0.9875,0.024201701412675903,0.9915,0.0,0.0,0.0,0.0
27,34,0.014714855847414584,0.995,0.014985209165606648,0.995,0.0,0.0,0.0,0.0
27,35,0.00670523810578743,0.9985,0.0017714157301816158,1.0,0.42417415976524353,0.38580232858657837,0.22339661419391632,0.9395
27,36,0.0016603985372057651,1.0,0.0006855925553827546,1.0,0.0,0.0,0.0,0.0
27,37,0.001087579099694267,1.0,0.0003546695252589416,1.0,0.0,0.0,0.0,0.0
27,38,0.0006571954404353164,1.0,0.0002817802530626068,1.0,0.0,0.0,0.0,0.0
27,39,0.0005056577733921585,1.0,0.00024600850912975147,1.0,0.0,0.0,0.0,0.0
27,40,0.0007473802462482126,1.0,0.00023485036374040646,1.0,0.3707132041454315,0.3338388204574585,0.1986534297466278,0.966
27,41,0.0003926760100148385,1.0,0.00021277018542605218,1.0,0.0,0.0,0.0,0.0
27,42,0.0004637799369811546,1.0,0.00017128644714830443,1.0,0.0,0.0,0.0,0.0
27,43,0.00038136460541863924,1.0,0.00017152671731309965,1.0,0.0,0.0,0.0,0.0
27,44,0.0007823921427916503,1.0,0.0001627507640478143,1.0,0.0,0.0,0.0,0.0
27,45,0.00038239203990087845,1.0,0.00015747363555419726,1.0,0.34551194310188293,0.3235766887664795,0.19004371762275696,0.9705
27,46,0.0004023284163849894,1.0,0.00013055760362476576,1.0,0.0,0.0,0.0,0.0
27,47,0.00047850792379904304,1.0,0.0001412022927615908,1.0,0.0,0.0,0.0,0.0
27,48,0.0002966700302931713,1.0,0.0001158458033023635,1.0,0.0,0.0,0.0,0.0
27,49,0.00030906250860425645,1.0,0.00010318876171368174,1.0,0.0,0.0,0.0,0.0
27,50,0.0008023853143095038,1.0,0.0006044000630572554,1.0,0.32819274067878723,0.3066079020500183,0.17940299212932587,0.981
27,51,0.009789703530550468,0.9955,0.0033157693955581636,0.999,0.0,0.0,0.0,0.0
27,52,0.0028416871358058417,0.9995,0.002820080152450828,0.9995,0.0,0.0,0.0,0.0
27,53,0.0023657710297993618,1.0,0.001443023690735572,0.9995,0.0,0.0,0.0,0.0
27,54,0.008944852973654634,0.998,0.02422856950433925,0.9935,0.0,0.0,0.0,0.0
27,55,0.01201246826982242,0.998,0.0367453171761008,0.986,0.4419674575328827,0.2891004681587219,0.1702941507101059,0.955
27,56,0.11607682068832219,0.9625,0.07525256728753447,0.979,0.0,0.0,0.0,0.0
27,57,0.09503528334666043,0.971,0.04255992046324536,0.986,0.0,0.0,0.0,0.0
27,58,0.053229152420535684,0.9795,0.0856536774802953,0.966,0.0,0.0,0.0,0.0
27,59,0.027638269290328026,0.992,0.023959202326368542,0.9925,0.0,0.0,0.0,0.0
27,60,0.006595596179831773,0.999,0.0019348865290521643,1.0,0.4688737988471985,0.4199349582195282,0.24242138862609863,0.938
27,61,0.003123588231392205,0.9995,0.001367094753368292,1.0,0.0,0.0,0.0,0.0
27,62,0.0015657827432733029,1.0,0.000584304988879012,1.0,0.0,0.0,0.0,0.0
27,63,0.0006436988302448299,1.0,0.00038564970884181094,1.0,0.0,0.0,0.0,0.0
27,64,0.0005811359283688943,1.0,0.00025455562325078063,1.0,0.0,0.0,0.0,0.0
27,65,0.0013101375184487551,1.0,0.000200193196615146,1.0,0.3621397912502289,0.3608419895172119,0.20988717675209045,0.9635
27,66,0.007651760584849399,0.9975,0.0019901385075354484,1.0,0.0,0.0,0.0,0.0
27,67,0.0036340103298425673,0.9995,0.0008491239789873362,1.0,0.0,0.0,0.0,0.0
27,68,0.0064734806946944445,0.998,0.003125058478472056,1.0,0.0,0.0,0.0,0.0
27,69,0.0026388348019099795,0.999,0.0009555823713890277,1.0,0.0,0.0,0.0,0.0
27,70,0.0013486267067492007,1.0,0.00036319670085504185,1.0,0.36412692070007324,0.36502787470817566,0.2048417329788208,0.9595
27,71,0.0006374833235167898,1.0,0.00022090956139436457,1.0,0.0,0.0,0.0,0.0
27,72,0.0008036926681961632,0.9995,0.00030871458489855285,1.0,0.0,0.0,0.0,0.0
27,73,0.0006039398255597916,1.0,0.000119271137045871,1.0,0.0,0.0,0.0,0.0
27,74,0.0009221344884281279,1.0,0.0002021660851642082,1.0,0.0,0.0,0.0,0.0
27,75,0.0004894326477733557,1.0,0.00012017049065434549,1.0,0.32031622529029846,0.3219297230243683,0.18462057411670685,0.9775
27,76,0.00025780078693060204,1.0,8.883037915438763e-05,1.0,0.0,0.0,0.0,0.0
27,77,0.00025155940840704716,1.0,8.19164365702818e-05,1.0,0.0,0.0,0.0,0.0
27,78,0.0001723032408335712,1.0,7.15386042247701e-05,1.0,0.0,0.0,0.0,0.0
27,79,0.00021748611065049771,1.0,6.610426973566064e-05,1.0,0.0,0.0,0.0,0.0
27,80,0.0002069611869774235,1.0,6.0918571907677684e-05,1.0,0.30891355872154236,0.3112960755825043,0.18305903673171997,0.9765
27,81,0.00021828233075211757,1.0,6.453404241256066e-05,1.0,0.0,0.0,0.0,0.0
27,82,0.0011242475545986963,0.9995,0.00016285191119095544,1.0,0.0,0.0,0.0,0.0
27,83,0.01685025845297787,0.9925,0.018062910833687055,0.9935,0.0,0.0,0.0,0.0
27,84,0.004544037191080861,0.999,0.0010801327709486941,1.0,0.0,0.0,0.0,0.0
27,85,0.0018175098881329176,0.9995,0.0003746426061843522,1.0,0.38884761929512024,0.4069163203239441,0.21938513219356537,0.9435
27,86,0.00044551373764988966,1.0,0.00018216442378616194,1.0,0.0,0.0,0.0,0.0
27,87,0.0004383182180026779,1.0,0.00011855302966068848,1.0,0.0,0.0,0.0,0.0
27,88,0.0007495943295907637,1.0,0.00011026625566955773,1.0,0.0,0.0,0.0,0.0
27,89,0.0002468749923173164,1.0,9.802808684980846e-05,1.0,0.0,0.0,0.0,0.0
27,90,0.00020631076380595915,1.0,8.306906465804786e-05,1.0,0.345895379781723,0.3658253848552704,0.19984623789787292,0.9625
27,91,0.00139731723422301,0.9995,0.00011281656950814068,1.0,0.0,0.0,0.0,0.0
27,92,0.02247104154754197,0.994,0.0011109739977837308,1.0,0.0,0.0,0.0,0.0
27,93,0.0017714737466303632,1.0,0.0004939546164678177,1.0,0.0,0.0,0.0,0.0
27,94,0.0013854714369517752,0.9995,0.00028942805583938026,1.0,0.0,0.0,0.0,0.0
27,95,0.0033287462824591785,0.9985,0.0005637331069738139,1.0,0.373635858297348,0.42301490902900696,0.2192443162202835,0.9495
27,96,0.007386362939942046,0.997,0.0015762643503694563,0.9995,0.0,0.0,0.0,0.0
27,97,0.007599100414954592,0.9985,0.0016104533983161673,1.0,0.0,0.0,0.0,0.0
27,98,0.013071721904561856,0.9975,0.15867988534271718,0.954,0.0,0.0,0.0,0.0
27,99,0.16643288002349435,0.9545,2.986412534713745,0.727,0.0,0.0,0.0,0.0
27,100,0.07153108381200582,0.9765,0.06986772768199444,0.98,0.5191592574119568,0.4995856285095215,0.26209065318107605,0.914
28,1,1.2861425563693047,0.518,5.570268931388855,0.4825,0.0,0.0,0.0,0.0
28,2,1.1210909694433213,0.589,1.4097446185350417,0.6005,0.0,0.0,0.0,0.0
28,3,0.7795564091205597,0.7025,0.7523535022139549,0.727,0.0,0.0,0.0,0.0
28,4,0.6815187433362007,0.7375,0.6364169190824032,0.7635,0.0,0.0,0.0,0.0
28,5,0.5653662329912186,0.7835,0.9349087700247765,0.682,1.164801836013794,0.5019025802612305,0.33709296584129333,0.7205
28,6,0.6040275579690934,0.777,0.7220063579082489,0.761,0.0,0.0,0.0,0.0
28,7,0.5155652499198914,0.8035,0.6630413189530373,0.7585,0.0,0.0,0.0,0.0
28,8,0.41337368711829187,0.8505,0.6862891061604023,0.771,0.0,0.0,0.0,0.0
28,9,0.4763221721351147,0.821,0.4636531302332878,0.8235,0.0,0.0,0.0,0.0
28,10,0.3446804063022137,0.866,0.3909700040519237,0.858,0.8615444302558899,0.4633176922798157,0.30752450227737427,0.8435
28,11,0.30459715351462363,0.8875,0.4260703577101231,0.8365,0.0,0.0,0.0,0.0
28,12,0.27192965798079966,0.893,0.3589519040286541,0.8605,0.0,0.0,0.0,0.0
28,13,0.2235789765417576,0.9165,0.5387097942829132,0.8425,0.0,0.0,0.0,0.0
28,14,0.23402915023267268,0.92,0.23879722476005555,0.9045,0.0,0.0,0.0,0.0
28,15,0.21262478571385146,0.92,1.8192374163866043,0.613,0.8609554171562195,0.41668373346328735,0.2998799979686737,0.5365
28,16,0.1650180584937334,0.9395,2.454840278029442,0.6465,0.0,0.0,0.0,0.0
28,17,0.08824337480589747,0.9725,0.05553865723311901,0.9845,0.0,0.0,0.0,0.0
28,18,0.08420041302219033,0.9755,0.04692935663275421,0.992,0.0,0.0,0.0,0.0
28,19,0.0885584803763777,0.974,0.06893908931873739,0.974,0.0,0.0,0.0,0.0
28,20,0.08866208106745034,0.9725,0.0650360890571028,0.9805,0.42808136343955994,0.5110012888908386,0.2611537575721741,0.883
28,21,0.054401648407801984,0.9825,0.04243899273686111,0.987,0.0,0.0,0.0,0.0
28,22,0.05389876513276249,0.985,0.02347268980462104,0.995,0.0,0.0,0.0,0.0
28,23,0.025656390206422658,0.993,0.03709124869201332,0.9885,0.0,0.0,0.0,0.0
28,24,0.011561114910291508,0.9985,0.00415172737906687,1.0,0.0,0.0,0.0,0.0
28,25,0.006777219554060139,0.9995,0.009567458061501383,0.9995,0.3221317231655121,0.272164911031723,0.16003215312957764,0.983
28,26,0.04844374077161774,0.9865,0.05853324751835316,0.9755,0.0,0.0,0.0,0.0
28,27,0.045893250759691,0.9855,0.04513104791752994,0.9835,0.0,0.0,0.0,0.0
28,28,0.034847658707294615,0.9855,0.0948934225924313,0.9655,0.0,0.0,0.0,0.0
28,29,0.03554497280623764,0.9885,0.16584315372630953,0.948,0.0,0.0,0.0,0.0
28,30,0.023574040289968252,0.992,0.025157103927340357,0.9935,0.3552832305431366,0.3348795473575592,0.1771751493215561,0.9685
28,31,0.016497622372116893,0.9975,0.008532595011638477,0.999,0.0,0.0,0.0,0.0
28,32,0.006471822152961977,0.999,0.0022667882233508864,1.0,0.0,0.0,0.0,0.0
28,33,0.0017087247062590905,1.0,0.0005632983012037585,1.0,0.0,0.0,0.0,0.0
28,34,0.004286364645231515,0.9985,0.0008998578858881956,1.0,0.0,0.0,0.0,0.0
28,35,0.007261315784417093,0.999,0.003684290645760484,1.0,0.2589166760444641,0.2862878739833832,0.15032993257045746,0.988
28,36,0.10606724346725968,0.968,1.458338135778904,0.74,0.0,0.0,0.0,0.0
28,37,0.07120566735044122,0.9735,0.4280161418346688,0.9285,0.0,0.0,0.0,0.0
28,38,0.05628575540147722,0.985,0.08328657832928002,0.9715,0.0,0.0,0.0,0.0
28,39,0.012396301357075572,0.9965,0.006935089571634308,0.999,0.0,0.0,0.0,0.0
28,40,0.0034342861926415936,1.0,0.0013453821364964825,1.0,0.2851536273956299,0.2906128168106079,0.15679971873760223,0.984
28,41,0.0030951418484619353,1.0,0.0007562919180054451,1.0,0.0,0.0,0.0,0.0
28,42,0.0019528834345692303,1.0,0.0005637997393205296,1.0,0.0,0.0,0.0,0.0
28,43,0.0012080227275146171,1.0,0.00037938914421829393,1.0,0.0,0.0,0.0,0.0
28,44,0.0012083165411604568,1.0,0.0006645093013139558,1.0,0.0,0.0,0.0,0.0
28,45,0.0011573782464984106,1.0,0.00032444170563394436,1.0,0.25656360387802124,0.30529144406318665,0.15144500136375427,0.9905
29,1,1.596955292224884,0.3815,3.7391796720027926,0.3115,0.0,0.0,0.0,0.0
29,2,1.308139014840126,0.4865,1.3228581130504609,0.488,0.0,0.0,0.0,0.0
29,3,1.1660483652353286,0.536,1.1774640688300133,0.5325,0.0,0.0,0.0,0.0
29,4,1.1109001472592355,0.55,1.0757127672433853,0.5765,0.0,0.0,0.0,0.0
29,5,1.0304890537261964,0.603,0.9689114046096802,0.6345,3.038930654525757,0.6672658324241638,0.4525335431098938,0.6775
29,6,0.9733198684453964,0.6205,0.9165076568722725,0.638,0.0,0.0,0.0,0.0
29,7,0.9072128212451935,0.646,0.8227133625745773,0.689,0.0,0.0,0.0,0.0
29,8,0.8986136728525161,0.657,0.8670061802864075,0.6755,0.0,0.0,0.0,0.0
29,9,0.8360969400405884,0.6805,0.7547529536485672,0.7075,0.0,0.0,0.0,0.0
29,10,0.8359086588025093,0.6875,0.806881980895996,0.6965,1.7229400873184204,0.5604170560836792,0.3657692074775696,0.696
29,11,0.7679952722787857,0.7135,0.8759038281440735,0.679,0.0,0.0,0.0,0.0
29,12,0.6515461955964565,0.7565,0.6147312444448471,0.7615,0.0,0.0,0.0,0.0
29,13,0.5862863723933697,0.786,1.8533490031957627,0.484,0.0,0.0,0.0,0.0
29,14,0.5972172483801842,0.781,0.8378098675608635,0.682,0.0,0.0,0.0,0.0
29,15,0.4640002256631851,0.8325,0.7149464416503907,0.732,1.145355224609375,0.2479284107685089,0.24189014732837677,0.757
29,16,0.4503190240263939,0.835,0.8613231709599495,0.7235,0.0,0.0,0.0,0.0
29,17,0.2883268643170595,0.8985,0.32270102746784685,0.867,0.0,0.0,0.0,0.0
29,18,0.18340473979711533,0.9395,0.4120549650490284,0.83,0.0,0.0,0.0,0.0
29,19,0.3024287392944098,0.894,1.444756544828415,0.6675,0.0,0.0,0.0,0.0
29,20,0.17759659457951785,0.9435,0.4099712763726711,0.839,0.5289559364318848,0.3425043523311615,0.20140396058559418,0.8055
29,21,0.1334475501254201,0.955,0.3156148789823055,0.8975,0.0,0.0,0.0,0.0
29,22,0.09473702181130647,0.966,0.1090096897445619,0.9625,0.0,0.0,0.0,0.0
29,23,0.08460709693841637,0.9755,0.07037778086960315,0.9735,0.0,0.0,0.0,0.0
29,24,0.08381953914649784,0.9705,0.3687711166590452,0.9005,0.0,0.0,0.0,0.0
29,25,0.0519451885484159,0.982,0.08959871448576451,0.9695,0.39298221468925476,0.18785090744495392,0.1359088271856308,0.937
29,26,0.03541863273829222,0.9915,0.049171152273193,0.983,0.0,0.0,0.0,0.0
29,27,0.04352330803638324,0.9855,0.059748858315870165,0.9795,0.0,0.0,0.0,0.0
29,28,0.04067985325120389,0.9875,0.15291765077039599,0.9475,0.0,0.0,0.0,0.0
29,29,0.06176754711195827,0.982,0.12678666580468417,0.9535,0.0,0.0,0.0,0.0
29,30,0.03256782975047827,0.9905,0.01988152356585488,0.9935,0.35282373428344727,0.17795303463935852,0.11484352499246597,0.975
29,31,0.06829608943895436,0.976,2.313777152299881,0.661,0.0,0.0,0.0,0.0
29,32,0.16476069767959417,0.948,0.27062663588672875,0.9115,0.0,0.0,0.0,0.0
29,33,0.06570588298141956,0.981,0.1122365047968924,0.9625,0.0,0.0,0.0,0.0
29,34,0.06995592033490539,0.9775,0.1070121003407985,0.9675,0.0,0.0,0.0,0.0
29,35,0.058101618285290896,0.9815,0.3671687777340412,0.892,0.43853098154067993,0.16339991986751556,0.13309887051582336,0.8745
29,36,0.06795526211149991,0.9785,0.07100548499263823,0.975,0.0,0.0,0.0,0.0
29,37,0.034945249692536894,0.9875,0.05839560203021392,0.976,0.0,0.0,0.0,0.0
29,38,0.030883646586444227,0.991,0.04179108024109155,0.985,0.0,0.0,0.0,0.0
29,39,0.008937456495477818,0.998,0.0022897801324143073,1.0,0.0,0.0,0.0,0.0
29,40,0.0022230544814374298,1.0,0.0008050956926308572,1.0,0.2741667330265045,0.1546092927455902,0.11946479231119156,0.987
29,41,0.000911559382948326,1.0,0.00043332981869752984,1.0,0.0,0.0,0.0,0.0
29,42,0.0009893043608462904,1.0,0.0003649798834521789,1.0,0.0,0.0,0.0,0.0
29,43,0.0027187848494941136,0.9995,0.0004399253430892713,1.0,0.0,0.0,0.0,0.0
29,44,0.0035954335490532684,0.9995,0.000818674248730531,1.0,0.0,0.0,0.0,0.0
29,45,0.0011329329924046761,1.0,0.0003947341144521488,1.0,0.27119871973991394,0.1276618242263794,0.11538749933242798,0.989
29,46,0.0006472095684148372,1.0,0.00030587418317736594,1.0,0.0,0.0,0.0,0.0
29,47,0.0005443437663052463,1.0,0.00023053076933138072,1.0,0.0,0.0,0.0,0.0
29,48,0.00038139076328661757,1.0,0.00018523612805438461,1.0,0.0,0.0,0.0,0.0
29,49,0.00030612908136390615,1.0,0.00016430662988568657,1.0,0.0,0.0,0.0,0.0
29,50,0.00034105805003491695,1.0,0.00014174356994772096,1.0,0.24133257567882538,0.13651737570762634,0.11087777465581894,0.995
